AMT_CREDIT,AMT_GOODS_PRICE,AMT_ANNUITY,EXT_SOURCE_2,EXT_SOURCE_3,TARGET
465457.5,418500.0,52641.0,0.6048943383603742,0.0005272652387098,0
1281712.5,1179000.0,48946.5,0.4253505221468029,0.7121551551910698,0
495000.0,495000.0,39109.5,0.5317599965307688,0.2079641743053816,0
254700.0,225000.0,24939.0,0.6935206274920988,0.6144143775673561,0
308133.0,234000.0,15862.5,0.5606898594049499,0.6363761710860439,0
152820.0,135000.0,16456.5,0.5191266804311161,0.1047946227497676,0
900000.0,900000.0,24750.0,0.5479626352655883,0.5352762504724826,0
810000.0,810000.0,33120.0,0.0125875656953968,0.4902575124990026,0
781920.0,675000.0,34443.0,0.077534911185021,0.633031641417419,0
900000.0,900000.0,35824.5,0.7400816968755699,0.5352762504724826,0
331920.0,225000.0,17077.5,0.4127344161068856,0.6397075677637197,1
225000.0,225000.0,11074.5,0.4530704545682325,0.2431864804420123,1
593010.0,495000.0,17122.5,0.5746638509651143,0.180887977767074,0
1125000.0,1125000.0,36292.5,0.6229959372837893,0.3328505641648731,0
774000.0,774000.0,28813.5,0.5128407971420282,0.221335206354466,0
142200.0,112500.0,9387.0,0.2440078209202131,0.2721336844147212,0
765000.0,765000.0,38250.0,0.7838283816775964,0.6785676886853644,0
454500.0,454500.0,17739.0,0.142870887589952,0.5352762504724826,0
781920.0,675000.0,33259.5,0.5404883358234642,0.5352762504724826,0
824823.0,688500.0,24246.0,0.6572714882743836,0.4031416766587513,0
225000.0,225000.0,15790.5,0.3420278293317465,0.5352762504724826,0
755190.0,675000.0,38610.0,0.7081894379461231,0.3740208032583212,0
503676.0,382500.0,34200.0,0.344477840791565,0.5352762504724826,0
270045.0,256500.0,30595.5,0.1173011930750817,0.190705947811054,0
339241.5,238500.0,16627.5,0.4093357995240928,0.3589512285783967,1
500490.0,450000.0,48888.0,0.5549077290439568,0.1997705696341145,0
1024740.0,900000.0,52452.0,0.360396242872698,0.5352762504724826,1
375322.5,324000.0,20488.5,0.6435746820189508,0.5082869913916046,0
927000.0,927000.0,30766.5,0.2265068731262381,0.5549467685334323,0
675000.0,675000.0,34465.5,0.6180836881053707,0.7981372313187245,0
713889.0,661500.0,56533.5,0.2918181951717679,0.3425288720742255,0
360000.0,360000.0,18000.0,0.6753357647890695,0.5352762504724826,0
518562.0,463500.0,20695.5,0.1447475472488587,0.6738300778602003,0
1710000.0,1710000.0,59566.5,0.5052444440705988,0.5316861425197883,0
225000.0,225000.0,17775.0,0.5733217116721889,0.1261005588362325,0
225000.0,225000.0,12334.5,0.6621951009056665,0.5100895276257282,0
405000.0,405000.0,20250.0,0.5095076687861732,0.2851799046358216,0
247500.0,247500.0,12766.5,0.6262875645956664,0.4938628816996244,0
808650.0,675000.0,23305.5,0.6193888129118037,0.6161216908872079,0
545040.0,450000.0,26509.5,0.7290527196773077,0.5884877883422673,0
254700.0,225000.0,20119.5,0.7179689859068571,0.7062051096536562,1
202500.0,202500.0,10125.0,0.4720841737865462,0.5867400085415683,0
254700.0,225000.0,27022.5,0.5659614260608526,0.5352762504724826,0
592560.0,450000.0,32274.0,0.2650475600360688,0.5352762504724826,0
339241.5,238500.0,12919.5,0.502418232531289,0.6127042441012546,0
675000.0,675000.0,28728.0,0.630240460872275,0.5352762504724826,0
781920.0,675000.0,39852.0,0.7459853425075461,0.1428725230413196,0
1223010.0,1125000.0,48501.0,0.7559949586835784,0.5352762504724826,0
651600.0,562500.0,26289.0,0.7630599736275052,0.5602843280409464,0
675000.0,675000.0,20596.5,0.5980067070095784,0.4066174366275036,0
269550.0,225000.0,11547.0,0.2487296976618488,0.5352762504724826,0
125640.0,90000.0,6943.5,0.7577895556996982,0.2471909382666521,0
382500.0,382500.0,14418.0,0.4273561277108668,0.1852020815902493,0
360000.0,450000.0,18000.0,0.0507204666212849,0.4014074137749511,0
900000.0,900000.0,35824.5,0.7032301699773443,0.3016248916841194,0
301500.0,301500.0,18445.5,0.5885936894845518,0.1929422277169508,0
1255680.0,1125000.0,41629.5,0.6847183766793794,0.4170996682522097,0
440784.0,360000.0,34825.5,0.0486525757897778,0.3170317785834444,1
719946.0,643500.0,39186.0,0.7286983662403449,0.7380196196295241,0
1078200.0,900000.0,31653.0,0.6318798514022417,0.475849908720221,0
354276.0,292500.0,10872.0,0.2445043284100984,0.2822484337007223,0
247500.0,247500.0,13423.5,0.3391351766587919,0.3589512285783967,0
468733.5,387000.0,30649.5,0.7068046717196228,0.8658959152750668,0
239850.0,225000.0,23850.0,0.7479197144623475,0.4031416766587513,0
1129500.0,1129500.0,31059.0,0.3299975832132819,0.6058362647264226,0
562500.0,562500.0,25546.5,0.5424103148029789,0.2925880073368475,0
254700.0,225000.0,27558.0,0.7498689059346317,0.5567274263630174,0
167121.0,139500.0,15457.5,0.3754526358645565,0.5531646987710016,0
343800.0,225000.0,13090.5,0.4945461380443175,0.6127042441012546,0
1125000.0,1125000.0,32895.0,0.2629358786975408,0.5352762504724826,0
685012.5,553500.0,33084.0,0.4884906348514858,0.5762088360175724,0
157500.0,157500.0,9171.0,0.6026238850939697,0.1745642655572634,0
397017.0,301500.0,24120.0,0.1857263161848868,0.470456116119975,1
270000.0,270000.0,19332.0,0.7024491830125494,0.7366226976503176,0
528633.0,472500.0,25560.0,0.4722749227543728,0.6075573001388961,0
1256400.0,900000.0,36864.0,0.6074053904559067,0.5814837058057234,0
187929.0,171000.0,13495.5,0.4694036763777429,0.6528965519806539,0
239850.0,225000.0,22671.0,0.6810863906097395,0.7490217048463391,0
225000.0,225000.0,10822.5,0.5964391699519216,0.7557400501752248,0
391500.0,391500.0,14886.0,0.6639245541612238,0.4632753280912678,0
1024740.0,900000.0,52321.5,0.6275304354888024,0.7675231046555077,0
585000.0,585000.0,42700.5,0.6352254835852345,0.8256357449717892,0
2013840.0,1800000.0,53253.0,0.7656045313463811,0.4507472818545589,0
1223010.0,1125000.0,48631.5,0.6009102687771327,0.7151031019926098,1
291384.0,270000.0,30595.5,0.4417013952348108,0.4920600938649263,0
469152.0,405000.0,24084.0,0.6245355143357533,0.4866531565147181,0
454500.0,454500.0,19255.5,0.68583141122423,0.4776491548517548,0
775327.5,693000.0,30748.5,0.0753124422698254,0.3962195720630885,1
1125171.0,1035000.0,48303.0,0.4511475139180595,0.3723336657058204,0
1406880.0,1228500.0,38817.0,0.6504267743349164,0.7295666907060153,0
265851.0,229500.0,21132.0,0.2675384198957301,0.807273923277881,1
1687266.0,1575000.0,64395.0,0.6291900775955684,0.5691487713619409,0
1687266.0,1575000.0,68719.5,0.6686941784225079,0.7407990879702335,0
675000.0,675000.0,20596.5,0.653458571260668,0.3689687382528466,1
270000.0,270000.0,13500.0,0.0298379128650086,0.1510075350878296,1
247275.0,225000.0,17208.0,0.6815469448784708,0.6971469077844458,0
1006920.0,900000.0,42660.0,0.7458983146701954,0.1862929496555374,0
454500.0,454500.0,20151.0,0.5142174453088691,0.5352762504724826,0
127350.0,112500.0,7438.5,0.7178405574265971,0.8406665596573005,0
135000.0,135000.0,6750.0,0.5889960699369411,0.6674577419214722,0
253377.0,211500.0,23368.5,0.1307208918784871,0.2970866116472028,0
531706.5,459000.0,29817.0,0.5629347101367803,0.4471785780453068,0
388512.0,360000.0,31279.5,0.5738832969364318,0.6925590674998008,0
792477.0,661500.0,21033.0,0.6484353382241267,0.3062022983135042,0
405000.0,405000.0,20250.0,0.7127863706621222,0.5656079814115492,0
501948.0,328500.0,13369.5,0.0531402933898,0.5352762504724826,0
247275.0,225000.0,17338.5,0.4891190125805449,0.5352762504724826,0
135000.0,135000.0,6750.0,0.6417970072242652,0.7281412993111438,0
180000.0,180000.0,17802.0,0.5620359973296488,0.6894791426446275,0
864000.0,864000.0,25393.5,0.2407392316605993,0.5779691187553125,1
197820.0,180000.0,17050.5,0.0205853372775324,0.5352762504724826,1
610335.0,463500.0,25785.0,0.6578574440155289,0.4258928980051529,0
1006920.0,900000.0,46791.0,0.7793075785646181,0.6690566947824041,0
254700.0,225000.0,24939.0,0.7408171516840655,0.7091891096653581,0
746626.5,567000.0,30105.0,0.4296373929152741,0.4776491548517548,1
765000.0,765000.0,38250.0,0.7399891439535897,0.6041125998015721,0
112068.0,99000.0,12199.5,0.3802384800801298,0.3859146722745145,0
651600.0,562500.0,23535.0,0.5563817057531176,0.2764406945454034,0
1288350.0,1125000.0,37669.5,0.4516511315467914,0.501075160239048,0
134775.0,112500.0,10426.5,0.1274367598131674,0.5726825047161584,0
545040.0,450000.0,17842.5,0.6908929456409371,0.2301588968634147,0
202500.0,202500.0,10125.0,0.4861577749817941,0.6738300778602003,0
324000.0,324000.0,35023.5,0.6320019205861112,0.5352762504724826,0
1078200.0,900000.0,31653.0,0.5398691341796813,0.5172965813614878,0
977724.0,742500.0,38182.5,0.4044279738048801,0.5602843280409464,1
688500.0,688500.0,20259.0,0.5324840925654932,0.4992720153045617,0
234000.0,234000.0,15259.5,0.4022282392328423,0.6848276586890367,0
178290.0,157500.0,17496.0,0.1915258625230554,0.6879328378491735,0
318645.0,216000.0,15457.5,0.6683307334048741,0.3825018041447388,0
101880.0,90000.0,11623.5,0.2406792811446295,0.4794489811780563,0
95940.0,90000.0,9472.5,0.5697445889788223,0.6023863442690867,0
225000.0,225000.0,6318.0,0.1219480814436652,0.6769925032909132,0
594121.5,472500.0,25299.0,0.7786336332826906,0.3910549766342248,0
526500.0,526500.0,22437.0,0.5578600842408517,0.4400578303966329,0
640080.0,450000.0,29970.0,0.4942126995653087,0.6363761710860439,0
314100.0,225000.0,16573.5,0.4631998055574171,0.2851799046358216,0
544491.0,454500.0,17694.0,0.6311928977527985,0.2692857999073816,0
247500.0,247500.0,13423.5,0.0613528261041832,0.2525986978339766,1
1350000.0,1350000.0,55116.0,0.7059066004778441,0.5352762504724826,0
1024740.0,900000.0,41737.5,0.5873169385729095,0.6144143775673561,0
900000.0,900000.0,26316.0,0.524419463571891,0.5352762504724826,0
1042560.0,900000.0,34587.0,0.6292053832377807,0.2678689358444539,0
337500.0,337500.0,16875.0,0.6076608780433802,0.7209441499436497,0
640080.0,450000.0,29970.0,0.546001094784575,0.5352762504724826,1
545040.0,450000.0,35617.5,0.5925117670702922,0.6347055309763198,0
900000.0,900000.0,26316.0,0.7208646215167975,0.475849908720221,0
454500.0,454500.0,23337.0,0.5321411165752807,0.5028782772082183,0
327024.0,270000.0,12456.0,0.2665197753925157,0.7544061731797895,0
117162.0,103500.0,11718.0,0.7042195390033283,0.5352762504724826,0
247500.0,247500.0,12375.0,0.6142928633127689,0.6940926425266661,0
1078200.0,900000.0,31653.0,0.6591900495008605,0.4884551844437485,0
720000.0,720000.0,36000.0,0.696667485193953,0.7751552674785404,0
260640.0,225000.0,26838.0,0.5979593944418736,0.7826078370261895,0
270000.0,270000.0,13500.0,0.702896911120988,0.3740208032583212,0
331834.5,252000.0,16092.0,0.3405824736802565,0.5352762504724826,0
332946.0,238500.0,16146.0,0.7982356665179351,0.5298898341969072,0
202500.0,202500.0,10125.0,0.5974440952359762,0.5549467685334323,0
436032.0,360000.0,20457.0,0.1405648504850698,0.3589512285783967,0
450000.0,450000.0,22018.5,0.4098011492529554,0.2225807646753351,0
563269.5,396000.0,27526.5,0.0240214805177299,0.5352762504724826,0
1575000.0,1575000.0,58500.0,0.70056265195321,0.5082869913916046,0
117162.0,103500.0,12559.5,0.3814347589940718,0.5352762504724826,0
967500.0,967500.0,34879.5,0.6573158210441619,0.5352762504724826,0
1024290.0,855000.0,33174.0,0.5623051159972904,0.7380196196295241,0
202500.0,202500.0,18702.0,0.6922316384385054,0.3457848024695955,0
781920.0,675000.0,47965.5,0.6448978383770547,0.3062022983135042,0
1147500.0,1147500.0,31684.5,0.6141944150324954,0.2471909382666521,0
315000.0,405000.0,15750.0,0.6249251425435919,0.2955826421513093,0
98910.0,90000.0,7011.0,0.5784383271312111,0.6313545365850379,0
1185282.0,1035000.0,38236.5,0.7094486613920431,0.8193176922872417,0
521280.0,450000.0,28408.5,0.2124369819072672,0.6528965519806539,0
599472.0,517500.0,21663.0,0.5998242208881726,0.7001838506835805,0
1024740.0,900000.0,52452.0,0.4327535015568649,0.8128226070575616,0
163332.0,117000.0,11178.0,0.3812129257871774,0.0426338430544307,0
824823.0,688500.0,24246.0,0.2362949593109763,0.5136937663039473,0
894906.0,747000.0,26293.5,0.0657808033187125,0.5352762504724826,1
376078.5,310500.0,19471.5,0.2897212419460685,0.5352762504724826,0
303489.0,274500.0,29695.5,0.3593182363659372,0.4188542886233217,0
473760.0,450000.0,51151.5,0.5915505010985768,0.5352762504724826,0
296280.0,225000.0,21690.0,0.5004447019601558,0.1664055461839363,0
272520.0,225000.0,21658.5,0.602519148522533,0.6195277080511546,0
225000.0,225000.0,15660.0,0.6152871832623411,0.3825018041447388,0
202500.0,202500.0,10125.0,0.253284768428344,0.3910549766342248,0
544491.0,454500.0,16047.0,0.7770389550995289,0.7252764347002191,0
239850.0,225000.0,23364.0,0.6513708764512699,0.5989262182569273,0
225000.0,225000.0,8482.5,0.7732849814348132,0.6109913280868294,0
74182.5,67500.0,5292.0,0.174435094931364,0.4507472818545589,0
1006920.0,900000.0,42790.5,0.7353258048957276,0.6279908192952864,1
165024.0,108000.0,6057.0,0.1621921059592286,0.4365064990977374,1
314100.0,225000.0,16573.5,0.4605529118958775,0.8425892767430772,0
568057.5,459000.0,24196.5,0.418507619465926,0.5136937663039473,0
450000.0,450000.0,22018.5,0.1040626079234875,0.3139166772114369,1
781920.0,675000.0,25969.5,0.7213439873616608,0.4223696523543468,1
180000.0,180000.0,9000.0,0.5842447837671353,0.5352762504724826,0
254700.0,225000.0,25321.5,0.60219440550037,0.5352762504724826,0
360000.0,360000.0,24187.5,0.7004250159335118,0.324891229465852,0
585000.0,585000.0,22666.5,0.7029471420326784,0.3123653692278984,0
436032.0,360000.0,20457.0,0.6341607487144458,0.4294236843421945,0
830214.0,693000.0,24273.0,0.5333876592404788,0.6109913280868294,0
206280.0,135000.0,7906.5,0.388491555803847,0.5352762504724826,0
891072.0,720000.0,45625.5,0.0038980201826125,0.7688075728291359,1
942300.0,675000.0,36643.5,0.4301143762828877,0.6925590674998008,0
1354500.0,1354500.0,37246.5,0.7412116369900852,0.7544061731797895,0
1575000.0,1575000.0,41679.0,0.7460474932123411,0.2940831009471255,1
1206000.0,1206000.0,31941.0,0.6210010673322365,0.5424451438613613,0
247500.0,247500.0,12375.0,0.5184988775506173,0.434733248750173,0
364428.0,238500.0,13869.0,0.4518352745977593,0.4848514754962666,0
256500.0,256500.0,18715.5,0.5145670367196721,0.133429254467317,0
906615.0,688500.0,30091.5,0.5335835847653008,0.5352762504724826,0
1687266.0,1575000.0,64264.5,0.6474276917873898,0.3474182272002641,0
698517.0,603000.0,35793.0,0.3262613859924608,0.5154953751603267,0
808650.0,675000.0,23773.5,0.1704749244258174,0.5814837058057234,0
573628.5,463500.0,27724.5,0.4739047882467746,0.470456116119975,0
1305000.0,1305000.0,38155.5,0.4982579508887639,0.475849908720221,0
1174977.0,1026000.0,34483.5,0.3510548025131566,0.6212263380626669,1
592560.0,450000.0,35937.0,0.4779954507559247,0.5352762504724826,0
790830.0,675000.0,57676.5,0.5636071294127138,0.3656165070113335,0
288000.0,288000.0,19246.5,0.6962375511730732,0.375711009574066,0
590337.0,477000.0,25141.5,0.194293834370055,0.5513812618027899,0
562491.0,454500.0,24907.5,0.4806532701224859,0.6971469077844458,1
343377.0,283500.0,16830.0,0.2652563401861944,0.3506958432829587,0
364500.0,364500.0,19903.5,0.4422946612453707,0.2103502286944494,0
270000.0,270000.0,13500.0,0.4962407302032871,0.5352762504724826,0
497520.0,450000.0,52371.0,0.5090322123888877,0.5620604831738043,0
900000.0,900000.0,32328.0,0.6394207038380507,0.5726825047161584,0
315000.0,315000.0,19165.5,0.7299459512203599,0.4578995512067301,0
225000.0,225000.0,12915.0,0.1621921059592286,0.1237353221130787,0
381528.0,315000.0,24381.0,0.2617678790286115,0.633031641417419,0
1255680.0,1125000.0,41629.5,0.6352812190633319,0.7583930617144343,0
781920.0,675000.0,23836.5,0.4354018239830744,0.5352762504724826,0
1078200.0,900000.0,31522.5,0.6861705568824936,0.4920600938649263,0
263686.5,238500.0,19318.5,0.4208189957455892,0.1183643263674006,0
142200.0,112500.0,8068.5,0.5578169343039181,0.5262949398096192,0
346968.0,274500.0,27540.0,0.6401061081048707,0.3092753558842053,0
288873.0,238500.0,18589.5,0.5273473108798393,0.5352762504724826,0
52767.0,49500.0,5728.5,0.7145246789451581,0.8193176922872417,0
440784.0,360000.0,24741.0,0.4779299754466927,0.6971469077844458,0
544491.0,454500.0,14359.5,0.5777289627575141,0.6058362647264226,0
756000.0,756000.0,22234.5,0.6779194847386771,0.5190973382084597,0
1312110.0,1125000.0,52168.5,0.7811710935276045,0.5352762504724826,0
1193580.0,855000.0,38632.5,0.6816940575892927,0.6313545365850379,0
553806.0,495000.0,23593.5,0.7536193219125121,0.3392876999089139,0
388512.0,360000.0,27760.5,0.7777352704214873,0.5352762504724826,0
405000.0,405000.0,20250.0,0.6704310784989117,0.6801388218428291,0
582768.0,540000.0,59845.5,0.7670807254091129,0.6109913280868294,0
315000.0,315000.0,19269.0,0.4237745004922259,0.2594676548211199,0
1506816.0,1350000.0,49797.0,0.7086185659755496,0.5334816299804352,0
584766.0,472500.0,27225.0,0.6025453335462858,0.7490217048463391,0
888840.0,675000.0,37494.0,0.7318684726184893,0.646329897706246,0
247500.0,247500.0,12375.0,0.0788541774403786,0.3962195720630885,1
284400.0,225000.0,20740.5,0.3708032341592066,0.5352762504724826,0
247275.0,225000.0,17716.5,0.0813107269975509,0.6296742509538716,0
1006920.0,900000.0,42790.5,0.6194506733960246,0.2276129150623945,0
808650.0,675000.0,26086.5,0.8036877664830856,0.5709165417729987,0
1339884.0,1170000.0,39307.5,0.4795725376327342,0.5352762504724826,0
625500.0,625500.0,30091.5,0.4212187821165541,0.3376727217405312,0
225000.0,225000.0,11488.5,0.0356144696999396,0.5352762504724826,0
703728.0,607500.0,33853.5,0.0290919191910782,0.3672910183026313,1
900000.0,900000.0,26446.5,0.6998281750825532,0.5814837058057234,0
265851.0,229500.0,14049.0,0.5255755480397455,0.3723336657058204,0
922666.5,796500.0,33138.0,0.1879055474907074,0.3233112448967859,0
125136.0,99000.0,7114.5,0.7233876786727379,0.5726825047161584,0
337500.0,337500.0,16875.0,0.1268591599231807,0.6642482627052363,0
545040.0,450000.0,20547.0,0.2103554163209216,0.2176285202779586,0
545040.0,450000.0,19575.0,0.693464849265496,0.4722533429586386,0
219042.0,193500.0,12703.5,0.4326568799647017,0.6178261467332483,0
203760.0,180000.0,22072.5,0.3408919443000558,0.3740208032583212,0
517500.0,517500.0,15129.0,0.7043470601001426,0.41534714488434,0
437877.0,378000.0,31270.5,0.4168428709395456,0.5352762504724826,0
67500.0,67500.0,5296.5,0.6259855452043995,0.7136313997323308,0
270000.0,270000.0,13500.0,0.7841431638822005,0.5352762504724826,0
1113840.0,900000.0,57001.5,0.7627435363343387,0.5352762504724826,0
679671.0,607500.0,32827.5,0.2145888278142498,0.4048783643353997,1
450000.0,450000.0,27324.0,0.3399835679629337,0.6041125998015721,1
284400.0,225000.0,9211.5,0.2513293930978112,0.5352762504724826,0
331834.5,252000.0,17505.0,0.7357299184027534,0.6528965519806539,0
123637.5,112500.0,8923.5,0.5972179265554542,0.7958031328748403,0
1724220.0,1350000.0,47542.5,0.5030195731921195,0.6075573001388961,0
327024.0,270000.0,25965.0,0.7173929950712951,0.7583930617144343,0
755190.0,675000.0,36459.0,0.4294659251582126,0.5352762504724826,1
474048.0,360000.0,21010.5,0.5386575346870627,0.1491674613233488,0
695439.0,580500.0,20461.5,0.3738336872912639,0.6706517530862718,0
545040.0,450000.0,35617.5,0.6808013344611817,0.4632753280912678,0
271066.5,234000.0,13171.5,0.5838410383335041,0.6626377922738201,0
325908.0,247500.0,15808.5,0.531868891772865,0.5352762504724826,0
1255680.0,1125000.0,41629.5,0.6564976867440595,0.4525335592581747,0
765261.0,684000.0,30478.5,0.6221326862793151,0.7476633896301825,0
278613.0,252000.0,30136.5,0.6919194094319698,0.5352762504724826,0
675000.0,675000.0,26770.5,0.621819051911367,0.7850520263728172,0
225000.0,225000.0,10620.0,0.5344433568166397,0.5352762504724826,0
246357.0,234000.0,26271.0,0.476418802445023,0.5352762504724826,1
135000.0,135000.0,7749.0,0.4393461705928304,0.4543210601605785,0
414792.0,315000.0,21307.5,0.4641514626480642,0.3328505641648731,0
348264.0,315000.0,23274.0,0.6561622786435669,0.2539628093363117,0
314100.0,225000.0,12091.5,0.6156494568027608,0.5064842396679806,0
239850.0,225000.0,25960.5,0.6134064930669026,0.4632753280912678,0
99000.0,99000.0,10273.5,0.4723185236571182,0.5352762504724826,0
180000.0,180000.0,9000.0,0.4944641445144658,0.6279908192952864,0
849415.5,697500.0,40995.0,0.1704996647746675,0.3523399726917038,0
654498.0,585000.0,25956.0,0.6662188041139199,0.6212263380626669,0
800500.5,715500.0,31878.0,0.0110820165046612,0.7700870700124128,0
675000.0,675000.0,34641.0,0.6106597082708743,0.3539876078507373,0
1293502.5,1129500.0,35698.5,0.5363036749032378,0.5709165417729987,0
229500.0,229500.0,23643.0,0.0200413929940863,0.4866531565147181,0
454500.0,454500.0,16825.5,0.5550967549683118,0.5352762504724826,0
1293502.5,1129500.0,35698.5,0.4835906911549514,0.2418614865234661,0
1113840.0,900000.0,57001.5,0.4464520430390672,0.656158373001177,0
1971072.0,1800000.0,61888.5,0.7095072566022936,0.4812493411434029,0
568800.0,450000.0,16429.5,0.1243232982222055,0.2127563054543414,0
245268.0,202500.0,19507.5,0.2230621740121744,0.5352762504724826,1
715095.0,675000.0,49900.5,0.2622583692422573,0.6058362647264226,0
310671.0,256500.0,14611.5,0.3272282936935652,0.5352762504724826,0
543037.5,463500.0,43033.5,0.6826849353194961,0.5100895276257282,1
1256400.0,900000.0,36864.0,0.5937835622492493,0.5370699579791587,0
728460.0,675000.0,40675.5,0.2858978721410488,0.1351060157401717,0
495000.0,495000.0,14314.5,0.1146046574879627,0.5352762504724826,0
450000.0,450000.0,22500.0,0.204591888133559,0.6848276586890367,0
1546020.0,1350000.0,42511.5,0.6176551520934632,0.5352762504724826,0
225000.0,225000.0,24363.0,0.6440610977338163,0.3927738606031339,0
137538.0,121500.0,10863.0,0.699400787946153,0.5352762504724826,0
270000.0,270000.0,13500.0,0.6627965073879476,0.5352762504724826,1
938304.0,810000.0,33700.5,0.7399302355107941,0.5352762504724826,1
1249740.0,1125000.0,66712.5,0.3400228248257174,0.5352762504724826,0
178290.0,157500.0,18850.5,0.6556243142545193,0.4014074137749511,0
576000.0,576000.0,18711.0,0.1907887872788906,0.3409064264152384,0
1078200.0,900000.0,28570.5,0.6870880775503007,0.5262949398096192,0
1076247.0,990000.0,45729.0,0.5245612618483826,0.8528284668510541,0
729792.0,630000.0,23044.5,0.6733716947819601,0.7662336700704004,0
457834.5,378000.0,22396.5,0.3240110168053869,0.7826078370261895,0
199080.0,157500.0,13302.0,0.4659031889889849,0.2970866116472028,0
284400.0,225000.0,10345.5,0.5786196165773563,0.445396241560834,0
360000.0,360000.0,18000.0,0.5447486428283232,0.6832688314232291,0
379008.0,360000.0,40347.0,0.2496789150019747,0.133429254467317,0
95940.0,90000.0,9099.0,0.7257704046328222,0.5136937663039473,0
1071909.0,936000.0,31473.0,0.5618206761006089,0.2539628093363117,0
904500.0,904500.0,32485.5,0.6394509542684046,0.363945238612397,0
485640.0,450000.0,41674.5,0.607394961141,0.4686596550493113,0
576072.0,405000.0,18216.0,0.2560116410071271,0.6313545365850379,0
398016.0,360000.0,26725.5,0.2581709368636702,0.1694287272664794,0
178290.0,157500.0,16798.5,0.5724870076178051,0.5352762504724826,0
1108089.0,841500.0,43254.0,0.2973072095401912,0.5352762504724826,0
225000.0,225000.0,11250.0,0.3735010244347136,0.2896112383820055,1
261648.0,207000.0,20799.0,0.4964047281986215,0.5531646987710016,0
463284.0,382500.0,24115.5,0.2090616041311052,0.3876253444214701,0
180000.0,180000.0,9000.0,0.4623516969629193,0.5352762504724826,0
202500.0,202500.0,10125.0,0.608406147222984,0.5513812618027899,0
1256400.0,900000.0,40657.5,0.5259135969588691,0.5226973172821112,0
450000.0,450000.0,16164.0,0.4184437607582477,0.7922644738669378,0
473760.0,450000.0,56353.5,0.6171696011213805,0.5352762504724826,0
276277.5,238500.0,14985.0,0.6370122699417077,0.5352762504724826,0
440784.0,360000.0,29587.5,0.657630997093341,0.5352762504724826,1
284400.0,225000.0,18643.5,0.6355851668774217,0.7136313997323308,0
338314.5,306000.0,17185.5,0.5740116325839113,0.4206109640437848,0
202500.0,202500.0,10125.0,0.6464986974087265,0.5190973382084597,0
900000.0,900000.0,35028.0,0.5177891171016166,0.0908147089893367,0
544491.0,454500.0,17694.0,0.0602403112229414,0.1161249142719599,1
152820.0,135000.0,15241.5,0.7008882462326546,0.5352762504724826,0
495000.0,495000.0,21933.0,0.6351798791333456,0.4956658291397297,0
553806.0,495000.0,23593.5,0.4169598205517009,0.5352762504724826,0
528633.0,472500.0,25560.0,0.5948011485149465,0.190705947811054,1
247500.0,247500.0,12375.0,0.6119898541202536,0.7267112092725122,0
360000.0,360000.0,18000.0,0.7277288950388684,0.5352762504724826,0
473161.5,405000.0,43528.5,0.5908740257804295,0.6092756673894402,0
96696.0,76500.0,7137.0,0.4019706312799787,0.434733248750173,0
129519.0,121500.0,12298.5,0.2239692400801951,0.5352762504724826,0
270000.0,270000.0,13500.0,0.5500850533663688,0.4436153084085652,0
585000.0,585000.0,29250.0,0.7047203311505799,0.2764406945454034,0
307152.0,243000.0,24394.5,0.6038747572165359,0.2250868621163805,0
859212.0,652500.0,36117.0,0.7427188134664595,0.7180328113294772,0
550980.0,450000.0,40221.0,0.2307916327452653,0.511891801533151,0
405000.0,405000.0,20250.0,0.663143421167709,0.1317701325313814,0
263686.5,238500.0,15268.5,0.7228360065203252,0.5937175866150576,0
180000.0,180000.0,9000.0,0.6587575961372688,0.5064842396679806,0
1575000.0,1575000.0,54747.0,0.6462387801643792,0.5352762504724826,0
180000.0,180000.0,9000.0,0.4902119241605734,0.2020866016820394,0
509922.0,472500.0,32719.5,0.3758783298039064,0.5352762504724826,0
552555.0,477000.0,43785.0,0.5176908368550212,0.6023863442690867,0
1078200.0,900000.0,29650.5,0.4385760553331873,0.248535557339522,0
309420.0,202500.0,15178.5,0.4156951372431917,0.5352762504724826,0
900000.0,900000.0,40801.5,0.2424942803313961,0.4794489811780563,0
544068.0,382500.0,25492.5,0.2622583692422573,0.5352762504724826,1
450000.0,450000.0,22018.5,0.6020162823897439,0.5919766183185521,0
225000.0,225000.0,12564.0,0.2620553359511834,0.6863823354047934,0
1078200.0,900000.0,38331.0,0.5569537531012884,0.5352762504724826,0
269550.0,225000.0,14112.0,0.6144482889272188,0.2250868621163805,0
325908.0,247500.0,16767.0,0.0992956113132737,0.5352762504724826,0
272520.0,225000.0,21658.5,0.5509778777321223,0.5352762504724826,0
450000.0,450000.0,16294.5,0.4690224445861711,0.5531646987710016,0
1305909.0,1170000.0,43159.5,0.3327641503725497,0.6263042766749393,0
1350000.0,1350000.0,39474.0,0.7307469807361988,0.2750003523983893,0
500211.0,463500.0,27931.5,0.7752570798770778,0.5352762504724826,0
440784.0,360000.0,34825.5,0.6335720460409197,0.1161249142719599,0
339241.5,238500.0,12919.5,0.6254887915065707,0.4884551844437485,0
497520.0,450000.0,32521.5,0.4503246128067648,0.5334816299804352,1
367389.0,279000.0,18886.5,0.6309637947929793,0.6863823354047934,0
679500.0,679500.0,32818.5,0.6586592743998916,0.6058362647264226,0
677664.0,585000.0,22153.5,0.7088532996832558,0.5352762504724826,0
675000.0,675000.0,20668.5,0.2168752959143598,0.7121551551910698,0
539100.0,450000.0,27693.0,0.5779050004908134,0.5673792367572691,0
288000.0,288000.0,24849.0,0.6513361147619012,0.5352762504724826,0
468000.0,468000.0,24700.5,0.3113141866787075,0.6940926425266661,0
1125000.0,1125000.0,44748.0,0.3420278293317465,0.501075160239048,0
324000.0,324000.0,12213.0,0.1266195574788203,0.0655500263257595,1
1741972.5,1557000.0,51061.5,0.7513589186731517,0.5352762504724826,0
247275.0,225000.0,17586.0,0.0782700541435194,0.5352762504724826,0
991818.0,886500.0,42151.5,0.5064251321629735,0.5172965813614878,0
640080.0,450000.0,29970.0,0.5925487247512586,0.5352762504724826,0
558841.5,499500.0,22162.5,0.5579571684041602,0.746300213050371,0
225000.0,225000.0,14778.0,0.6124363268542038,0.7180328113294772,0
76410.0,67500.0,7555.5,0.6157632877319867,0.7136313997323308,0
138204.0,99000.0,8478.0,0.669865521736047,0.228883416700673,1
263686.5,238500.0,29880.0,0.2876018732289205,0.6894791426446275,0
360000.0,360000.0,20664.0,0.5485746372147822,0.4471785780453068,0
808650.0,675000.0,31464.0,0.6641489642998615,0.1704461230452281,0
592560.0,450000.0,35937.0,0.2251534885564108,0.5280927512030451,0
297130.5,256500.0,22342.5,0.5989840902571293,0.5352762504724826,1
343800.0,225000.0,16155.0,0.0911607591866079,0.1556893746835917,0
808650.0,675000.0,26217.0,0.631747590716944,0.5370699579791587,0
276277.5,238500.0,20785.5,0.0207229005066244,0.6413682574954046,0
746280.0,675000.0,59094.0,0.4878950755921826,0.5352762504724826,0
508495.5,454500.0,24592.5,0.5579841354415206,0.3859146722745145,1
301464.0,238500.0,23949.0,0.1236298118653266,0.5352762504724826,0
675000.0,675000.0,26284.5,0.6394761621147891,0.2225807646753351,0
299772.0,247500.0,14710.5,0.5583238907642428,0.6195277080511546,0
284400.0,225000.0,9211.5,0.6387145466919927,0.8482442999507556,0
1130760.0,810000.0,33192.0,0.7111944942125918,0.5352762504724826,1
834048.0,720000.0,44568.0,0.6174640589401507,0.5352762504724826,0
112500.0,112500.0,8149.5,0.5698839570971597,0.4276573700350293,0
521280.0,450000.0,35392.5,0.7108305439614286,0.5226973172821112,1
688500.0,688500.0,36810.0,0.5251938517438115,0.7016957740576931,0
714154.5,616500.0,22806.0,0.4664637034667362,0.6246146584503397,0
225000.0,225000.0,11250.0,0.2599843040827901,0.5352762504724826,0
247500.0,247500.0,12375.0,0.5706395676995046,0.3996756156233169,0
675000.0,675000.0,32602.5,0.5405154909429712,0.470456116119975,1
337500.0,337500.0,16875.0,0.3585684988353451,0.3589512285783967,0
314100.0,225000.0,13437.0,0.7522851181355839,0.8633633824101478,0
1219500.0,1219500.0,40995.0,0.6727028076580538,0.8633633824101478,0
337500.0,337500.0,17145.0,0.3939130694298256,0.6075573001388961,0
382500.0,382500.0,19125.0,0.162144567666238,0.6161216908872079,0
504000.0,504000.0,23485.5,0.3850270065935933,0.7886807751817684,0
225000.0,225000.0,16303.5,0.2529003273335212,0.7557400501752248,0
1271929.5,1170000.0,50571.0,0.4457279953257087,0.5585066276769286,0
270000.0,270000.0,13500.0,0.313056224839551,0.6528965519806539,0
201024.0,144000.0,10390.5,0.6948993308297655,0.7338145369642702,0
331834.5,252000.0,18130.5,0.668921834846135,0.2176285202779586,0
544491.0,454500.0,17694.0,0.6804258042433559,0.5971924268337128,0
755190.0,675000.0,38556.0,0.6529830335120981,0.5531646987710016,0
835380.0,675000.0,40320.0,0.6903509590397512,0.2910973802776635,1
564124.5,481500.0,36049.5,0.2671700532642298,0.4276573700350293,0
474048.0,360000.0,22936.5,0.6531316719157394,0.520897599048938,0
253737.0,229500.0,18594.0,0.1706172203864839,0.5046813193144684,1
134316.0,126000.0,15939.0,0.6372296666627345,0.6144143775673561,0
609187.5,544500.0,29304.0,0.2294318380077356,0.6479768603302221,0
382500.0,382500.0,19125.0,0.5113054963600074,0.6127042441012546,0
270000.0,270000.0,13500.0,0.6463837446835238,0.5460231970049609,0
263686.5,238500.0,28395.0,0.6592637367355662,0.7366226976503176,0
47970.0,45000.0,5089.5,0.6990558682909402,0.6075573001388961,0
562500.0,562500.0,14836.5,0.1504614324822702,0.7700870700124128,0
247275.0,225000.0,16119.0,0.3629709888682018,0.2750003523983893,0
512064.0,360000.0,23998.5,0.7527127528442432,0.5352762504724826,0
1125000.0,1125000.0,47794.5,0.6966212722160628,0.7016957740576931,0
270000.0,270000.0,25245.0,0.5556745351329472,0.7922644738669378,0
180000.0,180000.0,9000.0,0.6864906786143247,0.5549467685334323,0
481495.5,454500.0,36130.5,0.5352430876880968,0.4938628816996244,0
675000.0,675000.0,28507.5,0.6036393406405842,0.5884877883422673,0
157500.0,157500.0,6066.0,0.7326059200044662,0.6380435278721609,0
781920.0,675000.0,41787.0,0.4191889485518691,0.7898803468924867,0
540000.0,540000.0,26109.0,0.4759606246277152,0.4956658291397297,0
573408.0,495000.0,29407.5,0.763601196311752,0.7394117535524816,0
808650.0,675000.0,24601.5,0.7012273819222192,0.656158373001177,0
755190.0,675000.0,33264.0,0.4651849858032242,0.5352762504724826,0
500211.0,463500.0,47493.0,0.7376302961890032,0.5352762504724826,0
254700.0,225000.0,14751.0,0.162144567666238,0.5352762504724826,0
276277.5,238500.0,11835.0,0.7007827942531447,0.6848276586890367,0
561384.0,540000.0,59080.5,0.4638577802826426,0.6610235391308081,0
509400.0,450000.0,37197.0,0.7257138216845573,0.7352209993926424,0
1288350.0,1125000.0,37053.0,0.7467304887069286,0.7281412993111438,0
900000.0,900000.0,26316.0,0.1915258625230554,0.4884551844437485,0
270000.0,270000.0,13500.0,0.6432736579131698,0.4507472818545589,0
177903.0,148500.0,15349.5,0.439944153979832,0.2238313174701554,0
521280.0,450000.0,22216.5,0.5407653067337002,0.0005272652387098,0
1051245.0,877500.0,34042.5,0.003977180234084,0.6263042766749393,0
972441.0,945000.0,92331.0,0.587544827229703,0.7981372313187245,0
450000.0,450000.0,27324.0,0.5792006661066271,0.6006575372857061,0
539100.0,450000.0,27652.5,0.6537655266520677,0.3572932680336494,0
1312110.0,1125000.0,55593.0,0.4715610186214181,0.7801436381572275,0
285264.0,252000.0,33984.0,0.5805218673909435,0.5352762504724826,1
1078200.0,900000.0,38331.0,0.6714063487883749,0.1054731864873376,0
1493086.5,1363500.0,52029.0,0.520845999282634,0.6178261467332483,0
361462.5,274500.0,18585.0,0.3296882229799499,0.5352762504724826,0
545040.0,450000.0,26640.0,0.1173668709566433,0.5352762504724826,1
513531.0,459000.0,19161.0,0.5836338094553736,0.4507472818545589,0
72400.5,58500.0,6637.5,0.7281576339606439,0.4596904504249018,0
135000.0,135000.0,6750.0,0.5647846429506969,0.5352762504724826,0
167076.0,135000.0,12622.5,0.6986002294339265,0.4812493411434029,1
808650.0,675000.0,23773.5,0.4968857933166366,0.4543210601605785,0
942300.0,675000.0,27679.5,0.7704896298341007,0.7958031328748403,0
119448.0,94500.0,8109.0,0.6390323918125206,0.5046813193144684,0
123993.0,103500.0,9400.5,0.6247764876834561,0.1547436312725944,0
781920.0,675000.0,25839.0,0.5504638670841981,0.1117563710719636,0
284400.0,225000.0,18643.5,0.2628680771117916,0.5352762504724826,0
254700.0,225000.0,14350.5,0.7388219908495753,0.7295666907060153,0
103500.0,103500.0,11835.0,0.5962812544913234,0.5691487713619409,0
63000.0,63000.0,6583.5,0.6280312000531506,0.6075573001388961,0
1535553.0,1372500.0,40635.0,0.6772936844700753,0.3344541255096772,0
870984.0,778500.0,37030.5,0.4302430232618937,0.6817058776720116,0
450000.0,450000.0,21109.5,0.5177399771498854,0.4276573700350293,0
345510.0,247500.0,18873.0,0.5363145510360974,0.6626377922738201,0
607041.0,490500.0,29331.0,0.452051930363009,0.7394117535524816,0
315000.0,315000.0,21438.0,0.4174064412814781,0.5549467685334323,0
1201207.5,940500.0,35253.0,0.5499172744211459,0.5352762504724826,0
781920.0,675000.0,40054.5,0.1042217412097755,0.5478104658520093,0
225000.0,495000.0,11250.0,0.5155665698434853,0.2127563054543414,1
1506816.0,1350000.0,47443.5,0.2284513417611104,0.4311917977993083,0
675000.0,675000.0,38749.5,0.7548151534245531,0.5316861425197883,0
225000.0,225000.0,20767.5,0.7302475900762719,0.5495965024956946,0
634482.0,454500.0,16866.0,0.4687610493687535,0.5971924268337128,0
239850.0,225000.0,24705.0,0.615644282368553,0.7490217048463391,0
509922.0,472500.0,28602.0,0.6477969824016335,0.6313545365850379,0
225000.0,225000.0,22383.0,0.7603848923018667,0.7597121819739279,0
284400.0,225000.0,22599.0,0.7771828867010883,0.1873887653772306,0
679500.0,679500.0,45724.5,0.6999521902017241,0.5352762504724826,0
1200744.0,1048500.0,38866.5,0.6599412977260477,0.445396241560834,0
1389852.0,1147500.0,50053.5,0.5639620726362808,0.5478104658520093,0
904500.0,904500.0,38322.0,0.7121188690876951,0.6738300778602003,0
781920.0,675000.0,43789.5,0.7291434219375909,0.7352209993926424,0
495000.0,495000.0,23814.0,0.565601483974698,0.5352762504724826,0
323388.0,292500.0,31149.0,0.6173555845007344,0.3077366963789207,0
417024.0,360000.0,21451.5,0.3689735222078754,0.5352762504724826,0
1288350.0,1125000.0,37669.5,0.6451581998707777,0.4561097392782771,0
152820.0,135000.0,16587.0,0.4493612980029484,0.5352762504724826,1
790830.0,675000.0,52978.5,0.0225768288112116,0.3201633668633456,0
781920.0,675000.0,61906.5,0.5764214011943551,0.2764406945454034,0
1223010.0,1125000.0,48631.5,0.3090402257557143,0.5352762504724826,0
900000.0,900000.0,46084.5,0.6498647216489171,0.2327247762679433,0
1293502.5,1129500.0,37948.5,0.6459587725999981,0.6279908192952864,1
382500.0,382500.0,14548.5,0.5666918404715741,0.6006575372857061,0
738000.0,738000.0,23301.0,0.7156696520274625,0.6910212267577837,0
254700.0,225000.0,14751.0,0.3640587898314125,0.622922000268356,0
755190.0,675000.0,50800.5,0.489556165315347,0.5352762504724826,0
1006920.0,900000.0,39933.0,0.6975909092710705,0.3859146722745145,0
337500.0,337500.0,16875.0,0.7325202365130182,0.2539628093363117,0
135000.0,135000.0,6889.5,0.528230212123173,0.5691487713619409,0
239850.0,225000.0,23494.5,0.5745622929949249,0.4525335592581747,0
1288350.0,1125000.0,41562.0,0.5889431319291993,0.1214082861631216,0
270000.0,270000.0,13500.0,0.0684991419202763,0.6528965519806539,0
1422337.5,1242000.0,41719.5,0.5118518926945862,0.6642482627052363,0
247500.0,247500.0,19282.5,0.4377201207674789,0.7517237147741489,0
373311.0,283500.0,22815.0,0.5929763016550041,0.2067786544915716,0
780363.0,697500.0,31077.0,0.4155411126815545,0.4956658291397297,0
495000.0,495000.0,23944.5,0.3143791900786599,0.5352762504724826,0
1408806.0,1350000.0,92457.0,0.5493110109773539,0.5352762504724826,0
247500.0,247500.0,12375.0,0.5394182343849788,0.8425892767430772,0
1321902.0,1035000.0,38781.0,0.7641927963128015,0.4436153084085652,0
1575000.0,1575000.0,43443.0,0.5891760437442923,0.7180328113294772,0
270000.0,270000.0,13500.0,0.6652552930504879,0.6738300778602003,0
755190.0,675000.0,29947.5,0.0892139971407744,0.7623356180684377,0
647046.0,463500.0,21001.5,0.5086660451303804,0.7981372313187245,0
1293502.5,1129500.0,35698.5,0.6659367067509452,0.4848514754962666,0
350860.5,283500.0,19161.0,0.5437614628363868,0.2793353208976285,0
182016.0,144000.0,8851.5,0.5421280679043678,0.3572932680336494,1
540000.0,540000.0,25150.5,0.6157684615639765,0.5352762504724826,0
675000.0,675000.0,21906.0,0.3454858866640793,0.1604889306273446,0
450000.0,450000.0,13774.5,0.3802694000825025,0.3706496323299817,0
1303812.0,1138500.0,35851.5,0.2789448429340865,0.5744466170995097,0
157500.0,157500.0,7875.0,0.0578698941212228,0.7076993447402619,0
835380.0,675000.0,35523.0,0.4601726341692639,0.5316861425197883,0
284400.0,225000.0,16456.5,0.2055186782891003,0.5549467685334323,1
1288350.0,1125000.0,37800.0,0.6127373298269083,0.746300213050371,0
1506816.0,1350000.0,47443.5,0.69167229787613,0.7076993447402619,0
1024290.0,855000.0,30078.0,0.3405137208802896,0.5064842396679806,0
521280.0,450000.0,23089.5,0.6887921778530354,0.7121551551910698,0
1339884.0,1170000.0,36976.5,0.0202724561451772,0.5352762504724826,0
590337.0,477000.0,25141.5,0.5035389058874891,0.6626377922738201,0
180000.0,180000.0,9000.0,0.0864202370631646,0.656158373001177,0
254700.0,225000.0,14751.0,0.700475486677952,0.7366226976503176,0
700830.0,585000.0,18616.5,0.6693817500384173,0.1766525794312139,0
651600.0,562500.0,33399.0,0.6742800580283588,0.6706517530862718,0
629325.0,562500.0,25087.5,0.7299718143046517,0.7490217048463391,0
886401.0,778500.0,45387.0,0.7131801654329751,0.5919766183185521,0
180000.0,180000.0,9000.0,0.4535852843828754,0.3031463744186309,0
540000.0,540000.0,27000.0,0.6296899275670799,0.5352762504724826,0
302341.5,261000.0,18400.5,0.5898956998866841,0.3842068130556564,0
910890.0,652500.0,33592.5,0.6395618630409634,0.2525986978339766,0
163512.0,135000.0,13045.5,0.2781362708871374,0.1261005588362325,0
450000.0,450000.0,22018.5,0.5324459856321266,0.4543210601605785,0
1170000.0,1170000.0,30861.0,0.7670064835120893,0.3589512285783967,0
1022022.0,913500.0,43429.5,0.5931187960283582,0.4776491548517548,0
418743.0,342000.0,28111.5,0.3718497251717955,0.4507472818545589,0
238896.0,189000.0,16092.0,0.6400003108379252,0.7713615919194317,0
495000.0,495000.0,13743.0,0.6590131687440209,0.4992720153045617,0
508495.5,454500.0,22527.0,0.6890218179252049,0.5495965024956946,0
1089000.0,1089000.0,31842.0,0.7241440274684633,0.1538025863067176,0
593010.0,495000.0,17122.5,0.7027416209422485,0.2567055724393002,0
862560.0,720000.0,25348.5,0.5612499624255123,0.6986675550534175,0
819391.5,715500.0,50260.5,0.6679719375853904,0.5352762504724826,0
254700.0,225000.0,28867.5,0.1632527418946029,0.5352762504724826,0
90000.0,90000.0,10282.5,0.2001830427520637,0.4848514754962666,0
314100.0,225000.0,15241.5,0.5203602717604611,0.5082869913916046,0
922500.0,922500.0,39213.0,0.7724097019822345,0.6894791426446275,0
574668.0,490500.0,38533.5,0.406378319343206,0.4866531565147181,0
495000.0,495000.0,23944.5,0.3111688661562623,0.5370699579791587,0
379008.0,360000.0,39928.5,0.5666757315023211,0.6479768603302221,0
284400.0,225000.0,9850.5,0.3064128600517539,0.6545292802242897,0
337500.0,337500.0,16875.0,0.6676177991903954,0.1245194708919845,0
755190.0,675000.0,36459.0,0.7585353163574082,0.4956658291397297,0
251280.0,180000.0,13284.0,0.2299812758211297,0.4938628816996244,1
1350000.0,1350000.0,39474.0,0.4034539277219369,0.5352762504724826,0
71955.0,67500.0,8248.5,0.3119474673789223,0.7503751495159068,0
263686.5,238500.0,26208.0,0.7189421139710197,0.3689687382528466,0
1035832.5,904500.0,30415.5,0.6415053762045285,0.5316861425197883,0
545040.0,450000.0,25407.0,0.6412991600668094,0.3672910183026313,0
495000.0,495000.0,24750.0,0.4983126192016878,0.2539628093363117,1
790830.0,675000.0,50539.5,0.2191269386203009,0.7662336700704004,0
135000.0,135000.0,9954.0,0.5527949715739855,0.7032033049040319,0
408780.0,337500.0,20011.5,0.6181094976687693,0.5190973382084597,0
728460.0,675000.0,38808.0,0.6988350014682257,0.6785676886853644,0
180000.0,180000.0,9000.0,0.1157613201058414,0.4992720153045617,0
157500.0,157500.0,7789.5,0.4848468238816705,0.5919766183185521,0
284400.0,225000.0,10345.5,0.4905944658551936,0.6528965519806539,0
314100.0,225000.0,13963.5,0.5614061172395574,0.3672910183026313,0
1339884.0,1170000.0,35473.5,0.706496424168489,0.4206109640437848,0
2700000.0,2700000.0,133348.5,0.7373381784333197,0.5352762504724826,0
1288350.0,1125000.0,37800.0,0.6905238909988366,0.3606125659189888,0
315000.0,315000.0,33075.0,0.5306545404141563,0.7922644738669378,0
473161.5,405000.0,33061.5,0.4991271811258413,0.3539876078507373,0
1480500.0,1480500.0,40842.0,0.675987493954844,0.0944516919837718,0
868500.0,868500.0,25524.0,0.6401464082453323,0.5028782772082183,0
225000.0,225000.0,12694.5,0.6153544723145433,0.5352762504724826,0
629325.0,562500.0,26793.0,0.5388096891448105,0.5884877883422673,1
148365.0,135000.0,9720.0,0.5400972755227712,0.6006575372857061,0
679500.0,679500.0,19998.0,0.7710575788996519,0.5989262182569273,0
331920.0,225000.0,17077.5,0.7042013190998322,0.2340151665320674,0
679500.0,679500.0,36202.5,0.3347383231302255,0.5832379256761245,0
450000.0,450000.0,50904.0,0.5480817975177626,0.3539876078507373,0
1227901.5,1129500.0,46899.0,0.6917235942138256,0.4794489811780563,0
495351.0,459000.0,30433.5,0.5921210076399147,0.5352762504724826,0
601470.0,450000.0,30838.5,0.6162753698602688,0.5989262182569273,0
450000.0,450000.0,30442.5,0.1309098585111679,0.5352762504724826,1
545040.0,450000.0,25537.5,0.0753596647988603,0.1798217650897043,0
900000.0,900000.0,45954.0,0.5782410175315442,0.5867400085415683,0
733500.0,733500.0,33273.0,0.4029119501427337,0.8128226070575616,0
315000.0,315000.0,16308.0,0.5319777839794592,0.6801388218428291,0
545040.0,450000.0,25537.5,0.6247662347566153,0.3927738606031339,0
358344.0,283500.0,9850.5,0.6518325573408559,0.6144143775673561,0
50940.0,45000.0,5089.5,0.6225130235786245,0.1852020815902493,0
254700.0,225000.0,26874.0,0.4653155575512897,0.4632753280912678,0
677664.0,585000.0,34731.0,0.0174093744515914,0.5620604831738043,0
614475.0,432000.0,30015.0,0.5761330592782226,0.1245194708919845,0
384048.0,270000.0,18031.5,0.5414060445660868,0.5902333386185574,0
760225.5,679500.0,30280.5,0.6891108370159869,0.7281412993111438,0
808650.0,675000.0,23305.5,0.7710845994302343,0.646329897706246,0
1078200.0,900000.0,28570.5,0.4846501987594462,0.470456116119975,0
1006920.0,900000.0,42790.5,0.7299675038989837,0.7106743858828587,0
1824480.0,1575000.0,63549.0,0.7890616890945145,0.4365064990977374,0
819792.0,720000.0,41854.5,0.5213753427902923,0.5370699579791587,0
540000.0,540000.0,19525.5,0.7220993893624351,0.7557400501752248,0
726381.0,657000.0,48672.0,0.6770164093729998,0.6722428897082422,0
573408.0,495000.0,20727.0,0.7352364211806495,0.4241303111942548,0
1381500.0,1381500.0,36571.5,0.6902107048259042,0.520897599048938,0
533668.5,477000.0,27378.0,0.1446609411802706,0.5352762504724826,0
585000.0,585000.0,25897.5,0.6403881675744952,0.6910212267577837,0
278460.0,225000.0,20947.5,0.2052153472109133,0.7016957740576931,0
175896.0,126000.0,7582.5,0.2796314992117437,0.6512602186973006,0
299772.0,247500.0,17338.5,0.7777579501860357,0.4101025731788671,0
1224990.0,877500.0,35946.0,0.5612876560786817,0.5370699579791587,0
1575000.0,1575000.0,41679.0,0.6579706405177614,0.6144143775673561,0
728460.0,675000.0,38938.5,0.6646706750314849,0.6738300778602003,0
229230.0,202500.0,14022.0,0.3689887967620596,0.5352762504724826,0
1735299.0,1638000.0,75667.5,0.6856853290261631,0.7352209993926424,0
284400.0,225000.0,16011.0,0.0419046842872201,0.3962195720630885,0
225000.0,225000.0,24003.0,0.5458059453504585,0.7623356180684377,0
504000.0,504000.0,16389.0,0.7355980932540135,0.3123653692278984,0
679500.0,679500.0,27076.5,0.5536003179643616,0.3927738606031339,0
187704.0,148500.0,14958.0,0.2826100598849772,0.5352762504724826,0
377370.0,315000.0,34740.0,0.5186681172038036,0.4938628816996244,0
1113840.0,900000.0,44302.5,0.6367594126163129,0.5262949398096192,0
971280.0,900000.0,54234.0,0.572957917372186,0.5424451438613613,0
619965.0,517500.0,16353.0,0.5884454141547826,0.3376727217405312,0
1006920.0,900000.0,70209.0,0.2339785377146986,0.5352762504724826,1
479700.0,450000.0,54252.0,0.5214299115768063,0.3572932680336494,1
664569.0,594000.0,28287.0,0.6336634226510744,0.6801388218428291,0
351486.0,310500.0,36144.0,0.6098587469004509,0.3556387169923543,0
314100.0,225000.0,16573.5,0.4954262195033154,0.4365064990977374,0
467257.5,328500.0,22855.5,0.5625096216720853,0.5352762504724826,1
791595.0,733500.0,50719.5,0.7105697705241085,0.6075573001388961,0
584766.0,472500.0,24903.0,0.5185534714527734,0.5352762504724826,0
198666.0,175500.0,13405.5,0.2862194238721069,0.4382813743111921,0
254700.0,225000.0,16407.0,0.3094512909513282,0.5352762504724826,0
1077061.5,940500.0,31491.0,0.5547727007960424,0.7623356180684377,0
188685.0,157500.0,13549.5,0.7666897937730491,0.5762088360175724,0
1305000.0,1305000.0,49837.5,0.4494586947215733,0.5352762504724826,0
135000.0,135000.0,7452.0,0.2887412320128416,0.5352762504724826,0
679500.0,679500.0,19867.5,0.6426863355048417,0.4329616670974407,0
1125000.0,1125000.0,32895.0,0.5815811916567108,0.3360615207658242,0
263686.5,238500.0,25816.5,0.5121032255769912,0.8193176922872417,0
95940.0,90000.0,9342.0,0.5719463697572809,0.7136313997323308,0
640080.0,450000.0,31261.5,0.4637870827085159,0.5352762504724826,0
509602.5,387000.0,26149.5,0.2363778398884225,0.0621030378372968,0
753840.0,540000.0,24448.5,0.1548483364575313,0.2525986978339766,0
180000.0,180000.0,9000.0,0.5317109926842342,0.5352762504724826,0
654498.0,585000.0,27859.5,0.2776360312384908,0.5352762504724826,0
225000.0,225000.0,17775.0,0.5867231926612587,0.4223696523543468,0
728460.0,675000.0,44563.5,0.0948890421992563,0.6178261467332483,0
284400.0,225000.0,20740.5,0.3369576497637926,0.3706496323299817,0
675000.0,675000.0,21775.5,0.5624665696090171,0.3556387169923543,0
450000.0,450000.0,19953.0,0.7099757669369209,0.5495965024956946,0
794173.5,697500.0,35113.5,0.4393946491964318,0.4241303111942548,0
1890000.0,1890000.0,49986.0,0.7243580206131195,0.5136937663039473,0
746280.0,675000.0,59094.0,0.5554747589393301,0.5352762504724826,0
668304.0,540000.0,28444.5,0.5824642742824058,0.5549467685334323,0
312678.0,261000.0,25200.0,0.5954913785407772,0.722392890081304,0
112500.0,112500.0,7569.0,0.5885936894845518,0.6610235391308081,0
845023.5,705361.5,22288.5,0.621073118836006,0.5406544504453575,0
1113840.0,900000.0,44172.0,0.5082288183468503,0.6594055320683344,0
135000.0,135000.0,13482.0,0.6330286647144852,0.8193176922872417,0
203760.0,180000.0,21618.0,0.5068569406977503,0.5352762504724826,0
1575000.0,1575000.0,46053.0,0.6115172188588556,0.191821602413606,0
299772.0,247500.0,19287.0,0.2548263903763705,0.5352762504724826,0
1534500.0,1534500.0,42327.0,0.5499226868226267,0.6706517530862718,0
540000.0,540000.0,30280.5,0.5451119671152134,0.6674577419214722,0
119925.0,112500.0,11988.0,0.5172376381290461,0.4848514754962666,0
513000.0,513000.0,26320.5,0.7205873265332389,0.622922000268356,0
253737.0,229500.0,20178.0,0.6474276917873898,0.5478104658520093,0
765261.0,684000.0,30478.5,0.4452958376096058,0.6195277080511546,0
135000.0,135000.0,6750.0,0.105746327021424,0.3046721837533529,0
501435.0,414000.0,16146.0,0.6281537944313881,0.3077366963789207,0
480060.0,337500.0,18225.0,0.6799548725213552,0.5262949398096192,0
231813.0,193500.0,11965.5,0.6785971129292061,0.164414178829907,0
254700.0,225000.0,14751.0,0.077616280373025,0.7091891096653581,0
630000.0,630000.0,31500.0,0.7475732396884309,0.5352762504724826,0
135000.0,135000.0,6750.0,0.1704965720750741,0.5352762504724826,0
900000.0,900000.0,45000.0,0.6061740572919522,0.5352762504724826,0
814041.0,679500.0,23931.0,0.3585684988353451,0.5028782772082183,0
254700.0,225000.0,25321.5,0.6305614490245239,0.6658549219640212,0
299772.0,247500.0,11430.0,0.4792941976988406,0.4543210601605785,0
284400.0,225000.0,13387.5,0.5659614260608526,0.5352762504724826,0
808650.0,675000.0,26217.0,0.5940156220372277,0.445396241560834,1
1085994.0,877500.0,46012.5,0.175100552579397,0.2314393514998941,0
1125000.0,1125000.0,47664.0,0.7316967886486759,0.6594055320683344,0
270000.0,270000.0,17383.5,0.4790977301806677,0.6769925032909132,0
1125000.0,1125000.0,32895.0,0.6506306017526923,0.4471785780453068,0
966555.0,913500.0,51628.5,0.4228776598970305,0.7981372313187245,0
675000.0,675000.0,32602.5,0.4772316197859053,0.5902333386185574,0
112500.0,112500.0,10539.0,0.5505991435380012,0.746300213050371,0
94500.0,94500.0,6718.5,0.4568011077831769,0.7490217048463391,0
1006920.0,900000.0,42790.5,0.5678835108227882,0.5352762504724826,0
225000.0,225000.0,11250.0,0.1105288279592761,0.5100895276257282,0
900000.0,900000.0,48955.5,0.6720428572637972,0.5352762504724826,0
900000.0,900000.0,26446.5,0.6095673410238347,0.7490217048463391,0
117162.0,103500.0,11718.0,0.3320411042893648,0.6430255641096323,0
679500.0,679500.0,45594.0,0.1099090487904474,0.3572932680336494,0
675000.0,675000.0,26901.0,0.1631870354642708,0.6075573001388961,1
135000.0,135000.0,6750.0,0.5247903122271783,0.4118485559242397,0
269550.0,225000.0,18891.0,0.6948158721245471,0.622922000268356,0
787131.0,679500.0,26145.0,0.6693091533439343,0.5352762504724826,0
450000.0,450000.0,22500.0,0.6800690715206246,0.3706496323299817,0
799956.0,607500.0,26568.0,0.6600296270954392,0.6296742509538716,0
450000.0,450000.0,22018.5,0.6692268673420038,0.7151031019926098,0
166810.5,144000.0,19926.0,0.3952294743204838,0.633031641417419,0
513531.0,459000.0,24835.5,0.2944053281118781,0.3441550073724169,0
325908.0,247500.0,14485.5,0.1683854700682003,0.5744466170995097,0
270000.0,270000.0,19332.0,0.700672734695591,0.5352762504724826,0
450000.0,450000.0,22018.5,0.0125566187092152,0.1714683668967994,0
454500.0,454500.0,14661.0,0.6474726149319167,0.5620604831738043,0
450000.0,450000.0,21888.0,0.516292928805411,0.3807996826489149,1
463500.0,463500.0,15318.0,0.5755455359308875,0.5352762504724826,0
327024.0,270000.0,15372.0,0.7160032659501361,0.3842068130556564,0
561384.0,540000.0,54819.0,0.4830227678231217,0.7981372313187245,0
814041.0,679500.0,23800.5,0.4166462040632972,0.5602843280409464,0
945000.0,945000.0,25056.0,0.4483064172834266,0.3217352821966848,0
215640.0,180000.0,9495.0,0.6244842354475232,0.5352762504724826,1
755190.0,675000.0,36459.0,0.7928364753836001,0.4740512892789932,0
225000.0,225000.0,17775.0,0.4849342143343003,0.41534714488434,0
497520.0,450000.0,33246.0,0.715295724156683,0.7813782380840683,0
760225.5,679500.0,32206.5,0.6861517206692015,0.1777040724853336,0
728460.0,675000.0,41949.0,0.1292273322270869,0.7713615919194317,0
1051245.0,877500.0,30865.5,0.6197289975601211,0.5352762504724826,0
924858.0,873000.0,61731.0,0.7215153808083297,0.6023863442690867,0
1227901.5,1129500.0,50139.0,0.7673931421355019,0.6363761710860439,0
450000.0,450000.0,21109.5,0.6231089244174544,0.2608559142068693,0
450000.0,450000.0,20979.0,0.225756831721363,0.2735646775174348,0
163008.0,144000.0,11943.0,0.1528754537265925,0.1862929496555374,0
278460.0,225000.0,21676.5,0.1458065231266143,0.4974688893052743,0
1125000.0,1125000.0,29808.0,0.7264227592152822,0.722392890081304,0
80865.0,67500.0,7546.5,0.4926767671632476,0.2091546988410069,1
1065433.5,913500.0,42385.5,0.6902668107132603,0.7421816117614419,0
270000.0,270000.0,21460.5,0.3800993520974152,0.2115507642052577,0
57564.0,54000.0,5737.5,0.6333994195647324,0.8171723992791566,0
532494.0,454500.0,35716.5,0.4482793751339927,0.7700870700124128,0
1288350.0,1125000.0,41692.5,0.5684736880323402,0.6674577419214722,1
408780.0,337500.0,32427.0,0.4849342143343003,0.6296742509538716,1
961146.0,688500.0,28233.0,0.7286637796031852,0.7352209993926424,0
781920.0,675000.0,25969.5,0.0977380860510366,0.7091891096653581,0
247500.0,247500.0,12375.0,0.5150859350860529,0.7338145369642702,1
1006920.0,900000.0,39933.0,0.7078006438901627,0.6246146584503397,0
254700.0,225000.0,14350.5,0.6835038851999318,0.5673792367572691,0
630000.0,630000.0,31500.0,0.5095404582583649,0.4258928980051529,0
436032.0,360000.0,21339.0,0.5545890494050518,0.7076993447402619,0
545040.0,450000.0,36553.5,0.6254119502859781,0.5352762504724826,0
532345.5,481500.0,29722.5,0.3679812406311805,0.5388627065779676,0
1067940.0,765000.0,31356.0,0.6266918093138552,0.6127042441012546,0
1288350.0,1125000.0,37800.0,0.1901986685014857,0.7324033228040929,0
450000.0,450000.0,16164.0,0.7333848383572369,0.5352762504724826,0
752742.0,697500.0,40234.5,0.7053615345811417,0.7490217048463391,0
900000.0,900000.0,26446.5,0.4277843018133049,0.5352762504724826,0
906228.0,810000.0,46269.0,0.6174743892289859,0.4294236843421945,1
312768.0,270000.0,13774.5,0.2776667317418485,0.6956219298394389,0
360000.0,360000.0,35068.5,0.6850109901296888,0.6347055309763198,0
1125000.0,1125000.0,33025.5,0.5984954965225675,0.3589512285783967,0
455040.0,360000.0,12640.5,0.2423015225072896,0.3876253444214701,1
973710.0,697500.0,28597.5,0.5045338157158507,0.5673792367572691,0
675000.0,675000.0,53329.5,0.7083159564023962,0.5370699579791587,0
990000.0,990000.0,32067.0,0.573829820811528,0.191821602413606,0
450000.0,450000.0,23107.5,0.7399512752339351,0.6610235391308081,0
454500.0,454500.0,14791.5,0.2944507558646295,0.6738300778602003,0
1111500.0,1111500.0,36864.0,0.5317382171189948,0.5352762504724826,0
269550.0,225000.0,13761.0,0.6663841162557979,0.6594055320683344,0
543735.0,486000.0,24079.5,0.063151380397349,0.6512602186973006,0
144279.0,130500.0,15277.5,0.7009295042510659,0.5352762504724826,0
339241.5,238500.0,15943.5,0.4984875580677159,0.524496446363472,0
781920.0,675000.0,32998.5,0.7147342776768095,0.6956219298394389,0
270000.0,270000.0,13500.0,0.6986370633004381,0.8537314319896884,0
188460.0,135000.0,8113.5,0.5902024952177423,0.622922000268356,0
701730.0,675000.0,72036.0,0.4602812802363465,0.5352762504724826,0
742500.0,742500.0,29574.0,0.6995984401805552,0.3139166772114369,0
225000.0,225000.0,15219.0,0.552930116267118,0.2567055724393002,1
450000.0,450000.0,29299.5,0.5857312876053761,0.3360615207658242,0
270000.0,270000.0,13500.0,0.0757583276118564,0.8128226070575616,0
408780.0,337500.0,25137.0,0.4202594693565671,0.7076993447402619,0
342000.0,342000.0,15192.0,0.1284566352993242,0.4507472818545589,0
1057266.0,945000.0,44793.0,0.582703573315077,0.6363761710860439,0
383746.5,364500.0,36063.0,0.7243143568954238,0.4776491548517548,0
211630.5,171000.0,16506.0,0.6071967855528649,0.0963186927645401,0
293733.0,279000.0,30973.5,0.6513311486747944,0.5352762504724826,0
835380.0,675000.0,40320.0,0.2265988359266469,0.3001077565791181,0
1269000.0,1269000.0,65704.5,0.7231600866535602,0.5884877883422673,0
945000.0,945000.0,40036.5,0.7230112140153458,0.4543210601605785,0
1350000.0,1350000.0,47056.5,0.0261771146723509,0.7062051096536562,0
229500.0,229500.0,14796.0,0.1584186326326113,0.4794489811780563,0
630000.0,630000.0,35307.0,0.5165769002267592,0.7194907850918436,0
900000.0,900000.0,45954.0,0.3938765245054669,0.1359510441732951,1
1096020.0,900000.0,56092.5,0.570355582274785,0.5388627065779676,0
180000.0,180000.0,9000.0,0.368830972368258,0.1704461230452281,0
202500.0,202500.0,10125.0,0.1651343366669437,0.4382813743111921,0
691020.0,495000.0,22419.0,0.1631870354642708,0.5352762504724826,0
360000.0,360000.0,24057.0,0.4554177922703492,0.0749592808990468,0
277969.5,229500.0,18225.0,0.7607910514878795,0.7862666146611379,0
337500.0,337500.0,16875.0,0.5038395687665471,0.5352762504724826,0
101880.0,90000.0,10566.0,0.7760789840695606,0.5352762504724826,0
3150000.0,3150000.0,79632.0,0.7327301301036174,0.3622772470384314,0
242595.0,202500.0,19179.0,0.2652563401861944,0.6986675550534175,0
450000.0,450000.0,21888.0,0.646613633195247,0.213966852261798,0
1808460.0,1651500.0,62991.0,0.5785289745004805,0.7136313997323308,0
152820.0,135000.0,8901.0,0.2546229746147212,0.5352762504724826,0
728460.0,675000.0,41949.0,0.5526003495153319,0.6594055320683344,0
500427.0,432000.0,27274.5,0.4719642786037315,0.3031463744186309,0
1762110.0,1575000.0,48456.0,0.7422965463134952,0.3409064264152384,0
497520.0,450000.0,53712.0,0.7248424000794655,0.7636399214572418,0
534204.0,495000.0,27265.5,0.6077338636768926,0.6594055320683344,0
298512.0,270000.0,17266.5,0.2080185272376116,0.3791004853998145,0
534204.0,495000.0,28588.5,0.54018418209594,0.5352762504724826,0
360000.0,360000.0,13702.5,0.5793765369992282,0.5352762504724826,0
765000.0,765000.0,38250.0,0.6545471888011264,0.5352762504724826,0
781920.0,675000.0,28215.0,0.1942664499695638,0.6626377922738201,0
142200.0,112500.0,8293.5,0.5922477532172029,0.7435593141311444,0
646920.0,540000.0,18670.5,0.5597847515476756,0.2418614865234661,0
2250000.0,2250000.0,91773.0,0.1716252609605423,0.5352762504724826,0
814041.0,679500.0,23931.0,0.3558822018600519,0.3723336657058204,0
942300.0,675000.0,36643.5,0.7165498811749781,0.5352762504724826,0
180000.0,180000.0,17802.0,0.582570634209491,0.5352762504724826,0
343800.0,225000.0,12478.5,0.2653117484731741,0.6058362647264226,0
755190.0,675000.0,30078.0,0.5911488855288407,0.1566398270314114,0
808650.0,675000.0,23305.5,0.5983903969919927,0.3139166772114369,0
627277.5,441000.0,29371.5,0.64648370453538,0.5352762504724826,1
587619.0,490500.0,19084.5,0.6969585355315039,0.8256357449717892,0
54000.0,54000.0,5391.0,0.6096558117979883,0.5352762504724826,0
333337.5,301500.0,22405.5,0.6382754180124531,0.5352762504724826,0
900243.0,900243.0,43308.0,0.4692021636676653,0.5531646987710016,1
433458.0,310500.0,22261.5,0.696376277099052,0.6512602186973006,0
1204623.0,1138500.0,61915.5,0.7522199112203871,0.5849900404894085,0
170640.0,135000.0,9657.0,0.1596792335026377,0.5280927512030451,0
270000.0,270000.0,13500.0,0.5714644684197617,0.2925880073368475,0
270000.0,270000.0,13500.0,0.3570208986770086,0.5352762504724826,0
426645.0,324000.0,25911.0,0.6368352777604946,0.1694287272664794,0
698517.0,603000.0,22437.0,0.2825612942768681,0.524496446363472,0
640080.0,450000.0,29970.0,0.5830385265061757,0.3740208032583212,0
373500.0,225000.0,9981.0,0.6897148596840477,0.1895952597360396,0
364896.0,315000.0,16200.0,0.1621921059592286,0.7544061731797895,0
715500.0,715500.0,25479.0,0.1427531014481058,0.2445163919946749,0
1971072.0,1800000.0,59890.5,0.6709913147434311,0.3425288720742255,0
900000.0,900000.0,35694.0,0.3730712988655967,0.6279908192952864,0
227520.0,180000.0,18103.5,0.4444209722170531,0.5352762504724826,0
288873.0,238500.0,16258.5,0.7011678200111248,0.807273923277881,0
450000.0,450000.0,27324.0,0.2571253090842532,0.8599241760145402,0
679500.0,679500.0,19998.0,0.5628701456753591,0.3392876999089139,0
497520.0,450000.0,25402.5,0.2297606160357313,0.5352762504724826,0
296505.0,247500.0,23076.0,0.3994080406689359,0.5028782772082183,0
536917.5,463500.0,29254.5,0.5641610273170848,0.6296742509538716,0
1042560.0,900000.0,58347.0,0.6559797117067983,0.5064842396679806,0
539100.0,450000.0,27652.5,0.6601866296081499,0.4884551844437485,0
824823.0,688500.0,29353.5,0.5518433332600051,0.6785676886853644,0
1971072.0,1800000.0,62019.0,0.5554855581115821,0.4014074137749511,0
314055.0,238500.0,17167.5,0.7458817357105318,0.6879328378491735,1
900000.0,900000.0,26316.0,0.6971801821912624,0.5762088360175724,0
142632.0,126000.0,15489.0,0.5405589386336959,0.4561097392782771,0
284400.0,225000.0,10345.5,0.4862014767323722,0.7380196196295241,0
454500.0,454500.0,12883.5,0.6379623346696226,0.5352762504724826,1
270000.0,270000.0,13500.0,0.7024766061123361,0.5352762504724826,0
450000.0,450000.0,23692.5,0.3740538221675581,0.3606125659189888,0
1035832.5,904500.0,30285.0,0.6580444546342165,0.7016957740576931,0
997389.0,945000.0,94828.5,0.7655378128457244,0.5352762504724826,0
208512.0,180000.0,23710.5,0.6146658455744086,0.6848276586890367,0
682875.0,589500.0,30208.5,0.3844420779834972,0.6075573001388961,0
157050.0,112500.0,8352.0,0.4109599352181685,0.4992720153045617,0
495216.0,427500.0,30055.5,0.3075945638155924,0.5352762504724826,1
754740.0,630000.0,24345.0,0.5654832789267705,0.5744466170995097,0
900000.0,1237500.0,45000.0,0.5934617737342018,0.1777040724853336,0
463284.0,382500.0,27715.5,0.7861940125702578,0.5442347412142162,0
765000.0,765000.0,38250.0,0.6257448832046623,0.6263042766749393,0
1078200.0,900000.0,31522.5,0.2802045020720828,0.7544061731797895,1
533668.5,477000.0,25803.0,0.4760151674992452,0.1309471529360181,0
337500.0,337500.0,16875.0,0.7451141798816199,0.5352762504724826,0
922266.0,810000.0,39204.0,0.6139145636731258,0.5352762504724826,0
755190.0,675000.0,36459.0,0.6725439038369067,0.5352762504724826,0
1125000.0,1125000.0,47664.0,0.6848127841403621,0.2567055724393002,1
270000.0,270000.0,16645.5,0.7461924725118102,0.6971469077844458,0
1078200.0,900000.0,31522.5,0.6461787869792647,0.5673792367572691,0
247500.0,247500.0,12375.0,0.5228103282268427,0.4722533429586386,0
237582.0,184500.0,21789.0,0.463531495951355,0.2044226253763287,1
364896.0,315000.0,22450.5,0.2764578394139427,0.5352762504724826,0
78192.0,67500.0,9279.0,0.50751829827194,0.6380435278721609,0
450000.0,450000.0,16164.0,0.0575701801760681,0.6296742509538716,0
755190.0,675000.0,36459.0,0.6057720159543489,0.5352762504724826,1
332842.5,234000.0,12676.5,0.7626366730570259,0.5352762504724826,0
417024.0,360000.0,28341.0,0.7213351962093278,0.0729831556556651,0
346392.0,306000.0,39172.5,0.5737389074369389,0.213966852261798,0
472500.0,472500.0,24133.5,0.6694011077947213,0.0715326762805274,0
450000.0,450000.0,27193.5,0.7325416590199249,0.5352762504724826,0
1129500.0,1129500.0,40716.0,0.7648384399503342,0.5352762504724826,0
355500.0,355500.0,25996.5,0.5908528803677146,0.7091891096653581,0
526500.0,526500.0,29529.0,0.0887619377448496,0.6940926425266661,0
239850.0,225000.0,28462.5,0.2337199577443111,0.5352762504724826,0
269550.0,225000.0,21739.5,0.4531734125358362,0.5567274263630174,0
1288350.0,1125000.0,37800.0,0.6118392569182132,0.5919766183185521,0
269550.0,225000.0,21739.5,0.3220742560309172,0.5352762504724826,0
315000.0,315000.0,19269.0,0.6563842573402365,0.5316861425197883,0
900000.0,900000.0,46084.5,0.5545782459173029,0.6212263380626669,0
254700.0,225000.0,24192.0,0.6427817418614312,0.633031641417419,0
986553.0,823500.0,28975.5,0.4641786567205183,0.4992720153045617,1
531373.5,420390.0,14148.0,0.6002178304487988,0.5352762504724826,0
691020.0,495000.0,25515.0,0.6840051083511046,0.5370699579791587,0
531706.5,459000.0,28458.0,0.1577637620197302,0.5352762504724826,0
1433367.0,1318500.0,60858.0,0.4769206617619479,0.5762088360175724,0
675000.0,675000.0,33750.0,0.649252456485641,0.7121551551910698,0
427176.0,306000.0,21942.0,0.7184646521550515,0.1664055461839363,0
1000858.5,864000.0,33205.5,0.5108956813077621,0.6430255641096323,0
855000.0,855000.0,42750.0,0.5520650559170411,0.5352762504724826,0
770913.0,643500.0,22540.5,0.3124592963152979,0.5352762504724826,0
180000.0,180000.0,9000.0,0.6502825705172081,0.4578995512067301,0
439074.0,328500.0,19471.5,0.2701820468941417,0.6161216908872079,0
272578.5,207000.0,18346.5,0.1357688446780615,0.7922644738669378,0
225000.0,225000.0,18171.0,0.7525865503759442,0.5136937663039473,0
1162170.0,832500.0,41305.5,0.6555996274034385,0.3217352821966848,0
284400.0,225000.0,19134.0,0.2714818997085077,0.5352762504724826,1
270000.0,270000.0,13500.0,0.6410627016757583,0.3441550073724169,0
1517724.0,1386000.0,52884.0,0.3643271595509015,0.6722428897082422,1
560664.0,468000.0,18085.5,0.6573897028932859,0.5352762504724826,0
135000.0,135000.0,6750.0,0.5292545918407857,0.7238369900414456,0
675000.0,675000.0,34596.0,0.4045491242329184,0.7352209993926424,0
265851.0,229500.0,20704.5,0.4897802123252981,0.5352762504724826,0
675000.0,675000.0,24799.5,0.4663276484272566,0.7801436381572275,0
669600.0,598500.0,32341.5,0.2001585353783682,0.6363761710860439,0
497520.0,450000.0,49338.0,0.5316184281948866,0.5352762504724826,0
573408.0,495000.0,32148.0,0.5870413023050131,0.746300213050371,0
284400.0,225000.0,16456.5,0.1371163814689735,0.1139223962922108,0
587619.0,490500.0,18954.0,0.4429744227982576,0.4170996682522097,0
521280.0,450000.0,28408.5,0.2413352937583348,0.3656165070113335,0
679500.0,679500.0,19867.5,0.5333985442626172,0.7688075728291359,0
2142459.0,1849500.0,67401.0,0.3047284559904886,0.4668640059537032,0
156384.0,135000.0,18688.5,0.1066554876993128,0.5352762504724826,0
472500.0,472500.0,20146.5,0.6434292011805998,0.5937175866150576,0
629325.0,562500.0,25087.5,0.6696381937384738,0.7338145369642702,0
2303460.0,2250000.0,230161.5,0.638759960582235,0.746300213050371,0
1096020.0,900000.0,52726.5,0.5971442813126849,0.1293142889822697,1
241618.5,229500.0,25767.0,0.623216763288328,0.8425892767430772,0
948055.5,778500.0,48537.0,0.6158460658997459,0.7713615919194317,0
405000.0,405000.0,24907.5,0.4547507904976845,0.511891801533151,0
207396.0,157500.0,16515.0,0.5254555895460647,0.5352762504724826,0
563269.5,396000.0,26388.0,0.7593434536963949,0.4794489811780563,0
679500.0,679500.0,34825.5,0.6421538610271655,0.4507472818545589,0
1546020.0,1350000.0,50004.0,0.7006176962220146,0.5352762504724826,0
1078200.0,900000.0,34911.0,0.3828907943872527,0.6690566947824041,0
961794.0,909000.0,51372.0,0.7714819279709655,0.5352762504724826,0
312768.0,270000.0,19030.5,0.1922243598134042,0.5352762504724826,0
1359000.0,1359000.0,51894.0,0.5573530174834337,0.6313545365850379,0
545040.0,450000.0,25537.5,0.1596792335026377,0.4992720153045617,1
1321902.0,1035000.0,38781.0,0.3578596516621369,0.5352762504724826,0
450000.0,450000.0,24543.0,0.7655849096254671,0.5352762504724826,0
540000.0,540000.0,24529.5,0.5659614260608526,0.7838324335199619,0
95940.0,90000.0,9616.5,0.1265131917615833,0.6430255641096323,0
723996.0,585000.0,30802.5,0.6248790107959193,0.6363761710860439,0
900000.0,900000.0,26446.5,0.6640514037743322,0.7517237147741489,0
888840.0,675000.0,29376.0,0.5169536919008609,0.6738300778602003,0
485640.0,450000.0,38133.0,0.4724438786024805,0.7136313997323308,0
1223010.0,1125000.0,51948.0,0.2841643525025325,0.4365064990977374,0
1178217.0,922500.0,34578.0,0.5585557559249622,0.7062051096536562,0
255960.0,202500.0,9324.0,0.6685536701718019,0.5352762504724826,0
848745.0,675000.0,46174.5,0.2649112705413186,0.1168672659157136,1
153504.0,144000.0,15084.0,0.7484923548170762,0.8193176922872417,0
1260702.0,1129500.0,39712.5,0.661216084063734,0.5638350489514956,0
286704.0,247500.0,18450.0,0.6324086956479008,0.5814837058057234,0
152820.0,135000.0,16047.0,0.5972389672483598,0.1117563710719636,0
247275.0,225000.0,17716.5,0.1240901814633538,0.5352762504724826,0
405000.0,405000.0,20250.0,0.7220906128602731,0.3280631605201915,0
412560.0,270000.0,11011.5,0.4562422753779539,0.5919766183185521,0
528633.0,472500.0,25560.0,0.5182586591513018,0.4632753280912678,0
450000.0,450000.0,22500.0,0.5624181349133656,0.7151031019926098,0
315000.0,315000.0,19165.5,0.5992046810801049,0.3328505641648731,0
270000.0,270000.0,13500.0,0.5196780053906226,0.5100895276257282,1
781920.0,675000.0,28215.0,0.4498212609518522,0.5549467685334323,0
1293502.5,1129500.0,35698.5,0.7949511260811367,0.6075573001388961,0
932643.0,778500.0,27400.5,0.7213923356569986,0.5567274263630174,0
700830.0,585000.0,20488.5,0.6575669882034132,0.6879328378491735,0
101880.0,90000.0,10075.5,0.6222149341261056,0.5744466170995097,0
454500.0,454500.0,18153.0,0.3724577528624198,0.4489622731076524,0
1275372.0,1093500.0,52074.0,0.6741695862533649,0.5352762504724826,0
724500.0,724500.0,30825.0,0.3975158830818818,0.2525986978339766,0
405000.0,405000.0,20250.0,0.7461551973373748,0.511891801533151,0
299772.0,247500.0,19647.0,0.4490529007097814,0.5298898341969072,0
2606400.0,2250000.0,79155.0,0.7224897710481177,0.6706517530862718,0
180000.0,180000.0,9000.0,0.7051342502611857,0.4992720153045617,0
640080.0,450000.0,29970.0,0.6319052838762231,0.4668640059537032,0
454500.0,454500.0,21865.5,0.7654357473055665,0.4471785780453068,0
630000.0,630000.0,24979.5,0.6481810567668455,0.4794489811780563,0
135000.0,135000.0,6750.0,0.3840333438516466,0.5352762504724826,0
497520.0,450000.0,36333.0,0.6307499120783092,0.5352762504724826,1
1206954.0,945000.0,34717.5,0.5955177157346863,0.6848276586890367,0
729792.0,630000.0,57789.0,0.5622889699096258,0.5154953751603267,0
270000.0,270000.0,13500.0,0.6839625682601618,0.8599241760145402,0
503266.5,463500.0,57046.5,0.5283228521116068,0.7238369900414456,0
405000.0,405000.0,20250.0,0.6554860570708058,0.5352762504724826,0
876816.0,720000.0,37278.0,0.3208817636734431,0.8016009030071296,0
808650.0,675000.0,26217.0,0.558183680880469,0.5442347412142162,1
327024.0,270000.0,25965.0,0.7388937186565121,0.6512602186973006,0
894906.0,747000.0,26293.5,0.0593233951318759,0.5884877883422673,1
102384.0,81000.0,5845.5,0.7187741743910552,0.6674577419214722,0
840951.0,679500.0,35761.5,0.5638921647482391,0.5832379256761245,0
269550.0,225000.0,19300.5,0.7278328706001691,0.5280927512030451,0
607500.0,607500.0,23539.5,0.3366352764840796,0.5762088360175724,0
143910.0,135000.0,16236.0,0.2170796354150951,0.5352762504724826,1
481176.0,360000.0,24696.0,0.6099263834881639,0.5726825047161584,0
799956.0,607500.0,25245.0,0.4882392938334225,0.1951984060044098,0
916470.0,765000.0,32598.0,0.5841544820852146,0.6279908192952864,1
865854.0,711000.0,44338.5,0.5841332338092928,0.0005272652387098,0
521280.0,450000.0,31630.5,0.6540822496123309,0.5172965813614878,1
675000.0,675000.0,24043.5,0.7303638796966493,0.5352762504724826,0
755190.0,675000.0,38686.5,0.3164709917976535,0.7032033049040319,1
405000.0,405000.0,20250.0,0.3627738166476144,0.4276573700350293,0
383202.0,274500.0,18562.5,0.4746136009549832,0.0867312636469601,0
360000.0,360000.0,15988.5,0.2788568848828193,0.6817058776720116,0
270000.0,270000.0,21330.0,0.6000341620581378,0.4884551844437485,0
157500.0,157500.0,9765.0,0.2487256114371136,0.5082869913916046,0
900000.0,900000.0,46084.5,0.7674477850281292,0.1014593569914692,1
180000.0,180000.0,9000.0,0.3740538221675581,0.2764406945454034,0
297130.5,256500.0,11142.0,0.0575369687316526,0.363945238612397,1
675000.0,675000.0,21775.5,0.6144327474154886,0.6109913280868294,0
102384.0,81000.0,6970.5,0.2556078343345943,0.3689687382528466,0
481495.5,454500.0,32305.5,0.6450931175490381,0.5478104658520093,0
701730.0,675000.0,68359.5,0.2956834011932655,0.3490552510751822,0
683023.5,683023.5,45643.5,0.0337338078877742,0.5352762504724826,1
986782.5,882000.0,40320.0,0.6753165859805791,0.5352762504724826,0
571446.0,477000.0,16506.0,0.2857237887612645,0.6894791426446275,0
787131.0,679500.0,42066.0,0.7234926821589504,0.6817058776720116,0
225000.0,225000.0,22050.0,0.6529879886064041,0.5352762504724826,0
904500.0,904500.0,35869.5,0.2653117484731741,0.434733248750173,0
270000.0,270000.0,13500.0,0.7070810266459092,0.4507472818545589,0
543735.0,486000.0,26289.0,0.1767936284746382,0.5352762504724826,0
1800000.0,1800000.0,62568.0,0.6603288827367668,0.7700870700124128,0
395766.0,283500.0,21600.0,0.6016285093253819,0.6738300778602003,0
269550.0,225000.0,11547.0,0.6937065139959778,0.7136313997323308,0
450000.0,450000.0,22500.0,0.6580493753032463,0.813917469762627,0
540000.0,540000.0,27571.5,0.1565039191062703,0.5352762504724826,1
630000.0,630000.0,32296.5,0.5018770199054567,0.4101025731788671,1
314055.0,238500.0,16164.0,0.3300314284254234,0.2925880073368475,0
1227901.5,1129500.0,46768.5,0.7836282297757655,0.7490217048463391,0
808650.0,675000.0,23773.5,0.7869062494834169,0.8435435389318647,0
942300.0,675000.0,30528.0,0.7020651066969501,0.5064842396679806,0
450000.0,450000.0,24543.0,0.2631435910213423,0.5100895276257282,0
1042560.0,900000.0,31738.5,0.5411074124834869,0.5513812618027899,0
270000.0,270000.0,13500.0,0.2939739682532651,0.5971924268337128,0
450000.0,450000.0,22500.0,0.6085624334060413,0.5352762504724826,0
584460.0,382500.0,15547.5,0.5600595587386031,0.6971469077844458,0
573408.0,495000.0,25389.0,0.5899591805306108,0.7476633896301825,0
568057.5,459000.0,27459.0,0.7274038112253872,0.3807996826489149,0
545040.0,450000.0,26640.0,0.4365686941910953,0.1500851762342935,1
670500.0,670500.0,31198.5,0.5229849019979623,0.6195277080511546,0
497520.0,450000.0,32521.5,0.6989362435455766,0.6738300778602003,0
900000.0,900000.0,26446.5,0.4200463702564951,0.5136937663039473,0
450000.0,450000.0,16677.0,0.4669426567596898,0.5352762504724826,0
755190.0,675000.0,30078.0,0.4266552278783533,0.7623356180684377,0
545040.0,450000.0,19705.5,0.2061943346046492,0.5352762504724826,0
450000.0,450000.0,22018.5,0.2435119966953515,0.5352762504724826,0
269550.0,225000.0,11547.0,0.6726450290310918,0.7544061731797895,0
378801.0,351000.0,26937.0,0.6582166578070671,0.5352762504724826,0
2463840.0,2250000.0,74830.5,0.6718934309216112,0.524496446363472,0
182016.0,144000.0,10579.5,0.5560848297129575,0.7776594425716818,0
128092.5,103500.0,9706.5,0.7143953059464201,0.5884877883422673,0
787131.0,679500.0,26145.0,0.6270958771207322,0.6626377922738201,0
1350000.0,1350000.0,45369.0,0.7004617224121608,0.5709165417729987,0
675000.0,675000.0,32472.0,0.546033618317752,0.4650692149562261,0
760225.5,679500.0,30280.5,0.0547257038374918,0.7136313997323308,1
450000.0,450000.0,36211.5,0.644256583221553,0.4276573700350293,0
691020.0,495000.0,26905.5,0.4168641338097844,0.4543210601605785,0
521280.0,450000.0,26613.0,0.2661779288881976,0.7583930617144343,0
781695.0,652500.0,28719.0,0.3580355487857586,0.7557400501752248,0
1256400.0,900000.0,36864.0,0.6408161082139685,0.5352762504724826,0
395766.0,283500.0,20205.0,0.7411361275101312,0.7583930617144343,0
272520.0,225000.0,21528.0,0.5692191792053284,0.5867400085415683,0
557770.5,481500.0,20164.5,0.431707041581098,0.1198779608955348,0
417024.0,360000.0,21964.5,0.7136942967485612,0.5100895276257282,0
270000.0,270000.0,14647.5,0.015428801399341,0.2707073872651806,0
254700.0,225000.0,16290.0,0.6028176229604061,0.6023863442690867,0
135000.0,135000.0,6750.0,0.6614707616076161,0.6279908192952864,0
1125000.0,1125000.0,47794.5,0.2207401480367217,0.4170996682522097,0
111384.0,90000.0,8455.5,0.0132040243722472,0.1735274304649146,0
270000.0,270000.0,13500.0,0.6894761371807665,0.5585066276769286,0
135000.0,135000.0,6750.0,0.0483327256047995,0.5971924268337128,0
1288350.0,1125000.0,37800.0,0.3575481564308149,0.5352762504724826,0
472500.0,472500.0,13945.5,0.3822348002789639,0.5352762504724826,0
254700.0,225000.0,27153.0,0.6859020829485609,0.5352762504724826,0
518562.0,463500.0,22099.5,0.3247634394806923,0.7295666907060153,0
1339884.0,1170000.0,36976.5,0.7264531787919409,0.4048783643353997,0
1339884.0,1170000.0,39177.0,0.6160219472212494,0.6706517530862718,0
753840.0,540000.0,22171.5,0.5643492086809535,0.746300213050371,0
500211.0,463500.0,48861.0,0.4183799047838235,0.3910549766342248,0
900000.0,900000.0,26446.5,0.5599571838827441,0.7700870700124128,0
135000.0,135000.0,6750.0,0.5931346277697727,0.4614823912998385,0
253737.0,229500.0,30240.0,0.3334248001872205,0.4135967602644276,1
640080.0,450000.0,24259.5,0.6849402100050009,0.5989262182569273,0
180000.0,180000.0,9000.0,0.0244444372150994,0.5262949398096192,0
1267735.5,1107000.0,33570.0,0.1983164617449413,0.7688075728291359,0
291915.0,252000.0,12987.0,0.2143272681272361,0.5064842396679806,0
180000.0,180000.0,9000.0,0.5266604913499701,0.2392262794694045,0
1006920.0,900000.0,51543.0,0.7308502300143819,0.2955826421513093,0
247500.0,247500.0,12375.0,0.7379856351588635,0.7886807751817684,0
691020.0,495000.0,18355.5,0.7739130955983354,0.5046813193144684,0
332946.0,238500.0,18189.0,0.0171756376361122,0.1351060157401717,0
135000.0,135000.0,6750.0,0.6093851726235933,0.4830501881366946,0
1125000.0,1125000.0,29808.0,0.564053486807394,0.6674577419214722,0
314055.0,238500.0,17167.5,0.1628379543431748,0.6178261467332483,0
1219500.0,1219500.0,35788.5,0.1596792335026377,0.7969726818373722,0
585000.0,585000.0,19462.5,0.4868187861850283,0.3859146722745145,0
390960.0,337500.0,21339.0,0.6592146127676519,0.1745642655572634,0
225000.0,225000.0,11250.0,0.3362300834330849,0.3689687382528466,0
168147.0,153000.0,13203.0,0.5342202708653584,0.4014074137749511,0
180000.0,180000.0,9000.0,0.700223084296155,0.3572932680336494,0
800500.5,715500.0,34047.0,0.7368508504583613,0.6263042766749393,0
1467612.0,1350000.0,56664.0,0.7039598439444951,0.5352762504724826,0
497520.0,450000.0,53712.0,0.6838727512859896,0.6178261467332483,1
904500.0,904500.0,29178.0,0.4689679858426297,0.8193176922872417,0
1247121.0,1089000.0,36594.0,0.6968938713196431,0.5424451438613613,0
625536.0,540000.0,35059.5,0.6642806487897212,0.6528965519806539,0
568908.0,508500.0,27499.5,0.6993823979223133,0.5937175866150576,0
1886850.0,1575000.0,49905.0,0.5496412263052889,0.6832688314232291,0
675000.0,675000.0,19867.5,0.5424265974490685,0.7032033049040319,0
835605.0,697500.0,24075.0,0.6887077969330843,0.1153866620073356,0
302206.5,229500.0,11520.0,0.6792501690241272,0.1862929496555374,1
888840.0,675000.0,29506.5,0.6777619004104548,0.3523399726917038,1
825588.0,765000.0,44113.5,0.5495221372792919,0.4031416766587513,0
180000.0,180000.0,9000.0,0.1375697834127901,0.7610263695502636,0
500490.0,450000.0,56731.5,0.2096950930560324,0.5352762504724826,0
234000.0,234000.0,14350.5,0.6814899882989714,0.5352762504724826,0
675000.0,675000.0,19867.5,0.6913177576174939,0.5442347412142162,0
272520.0,225000.0,15642.0,0.6366278969104185,0.3706496323299817,0
270000.0,270000.0,14265.0,0.3411229075988826,0.5352762504724826,0
755190.0,675000.0,30757.5,0.7197235533947369,0.5280927512030451,0
675000.0,675000.0,48006.0,0.7674438822610904,0.5352762504724826,0
152820.0,135000.0,18265.5,0.2365436612504672,0.2985949897873972,0
202500.0,202500.0,10125.0,0.5294561697419874,0.5352762504724826,0
180000.0,180000.0,9000.0,0.4500864551041335,0.5388627065779676,0
781695.0,652500.0,28849.5,0.5963496869754543,0.2807895743848605,0
157500.0,157500.0,7875.0,0.2962803277543227,0.5064842396679806,0
260640.0,225000.0,25906.5,0.702842108170578,0.6023863442690867,0
599472.0,517500.0,28971.0,0.4084425724684009,0.375711009574066,0
499500.0,499500.0,24030.0,0.5942107307330929,0.7091891096653581,0
219042.0,193500.0,24844.5,0.3591772935309133,0.475849908720221,0
750645.0,648000.0,27090.0,0.6054429664832688,0.3979463219016906,0
495000.0,495000.0,16096.5,0.1273346674904447,0.5352762504724826,0
675000.0,675000.0,43267.5,0.4996793367382253,0.7121551551910698,0
397881.0,328500.0,20340.0,0.6322663457821096,0.6496203111237195,0
215640.0,180000.0,15466.5,0.1877854475740454,0.7610263695502636,0
423000.0,423000.0,16074.0,0.5173905276530419,0.3996756156233169,0
314100.0,225000.0,13437.0,0.1582991364620886,0.5352762504724826,0
325908.0,247500.0,17811.0,0.3229581959817658,0.722392890081304,0
508495.5,454500.0,24592.5,0.3477392233848499,0.1253078784282391,0
1125000.0,1125000.0,60070.5,0.6789928436531025,0.445396241560834,0
1530517.5,1368000.0,58423.5,0.657360151068846,0.5352762504724826,0
180000.0,180000.0,9000.0,0.6069829249249821,0.4365064990977374,0
900000.0,900000.0,45954.0,0.5229248928953933,0.5849900404894085,0
254700.0,225000.0,24939.0,0.5696909829120176,0.5352762504724826,0
1129500.0,1129500.0,37458.0,0.6693962684094238,0.4650692149562261,0
171841.5,130500.0,12631.5,0.6283631883398811,0.5352762504724826,0
265851.0,229500.0,11839.5,0.478350121764215,0.5352762504724826,0
148365.0,135000.0,10678.5,0.5578708715886218,0.1014593569914692,0
170640.0,135000.0,11236.5,0.6469083909417982,0.5709165417729987,0
521280.0,450000.0,31630.5,0.661289558329338,0.3539876078507373,0
545040.0,450000.0,26509.5,0.4395023835658459,0.3233112448967859,0
562491.0,454500.0,23832.0,0.5501121134205992,0.5352762504724826,0
854896.5,702000.0,43780.5,0.438936841959117,0.4525335592581747,1
180000.0,180000.0,9000.0,0.4558679734444284,0.5370699579791587,0
571486.5,454500.0,24340.5,0.3433873686485609,0.656158373001177,0
696150.0,562500.0,29623.5,0.1841375813312064,0.4365064990977374,0
225000.0,225000.0,11074.5,0.172076523095867,0.3170317785834444,0
143910.0,135000.0,15399.0,0.647986549517056,0.5442347412142162,1
172021.5,148500.0,18193.5,0.7065372325146605,0.5352762504724826,0
197820.0,180000.0,18274.5,0.5338774536097115,0.5352762504724826,0
454500.0,454500.0,17608.5,0.6063254382261074,0.4294236843421945,0
315000.0,315000.0,12006.0,0.7346357733570478,0.7366226976503176,0
1212741.0,1058976.0,33349.5,0.7494133517424985,0.6879328378491735,0
457834.5,378000.0,22396.5,0.6963670298156901,0.7544061731797895,0
172597.5,117000.0,8941.5,0.5715073095970729,0.6785676886853644,0
2517300.0,2250000.0,66532.5,0.7771790998766076,0.4048783643353997,0
381528.0,315000.0,18684.0,0.0765305516554094,0.5352762504724826,0
180000.0,180000.0,7753.5,0.6182385354843013,0.3672910183026313,0
485640.0,450000.0,39069.0,0.3927442225854841,0.1538025863067176,0
540000.0,540000.0,20142.0,0.6241252051134084,0.5954562029091491,0
1546020.0,1350000.0,42511.5,0.5804260123525763,0.5352762504724826,0
1113840.0,900000.0,57001.5,0.4269548133034525,0.4382813743111921,0
337500.0,337500.0,16875.0,0.6786734183503028,0.7981372313187245,0
808650.0,675000.0,23773.5,0.7366175751882648,0.7295666907060153,0
206271.0,193500.0,20529.0,0.6791072239235073,0.2985949897873972,0
284400.0,225000.0,19134.0,0.162144567666238,0.6706517530862718,0
1113840.0,900000.0,56871.0,0.1935008758085653,0.5352762504724826,1
283585.5,256500.0,22536.0,0.3763452749366427,0.5262949398096192,0
1125000.0,1125000.0,32895.0,0.0182952745032453,0.6986675550534175,0
1061599.5,927000.0,31171.5,0.7025725754868668,0.2032521136204725,0
270000.0,270000.0,13500.0,0.5629831320835103,0.7700870700124128,0
835380.0,675000.0,40320.0,0.6650215065851307,0.6785676886853644,0
773680.5,679500.0,32908.5,0.0315478554853964,0.6817058776720116,0
862560.0,720000.0,25348.5,0.6187957869602295,0.2910973802776635,0
450000.0,450000.0,22500.0,0.6932881808548915,0.4974688893052743,0
942300.0,675000.0,36643.5,0.3478681927757078,0.3672910183026313,1
234576.0,202500.0,20263.5,0.2862641009645023,0.2910973802776635,0
225000.0,225000.0,11250.0,0.4526749166422448,0.5814837058057234,0
270000.0,270000.0,13500.0,0.7564504940043575,0.5352762504724826,0
1284732.0,1156500.0,68580.0,0.4742428244424793,0.5902333386185574,0
454500.0,454500.0,21996.0,0.6933532758222255,0.4722533429586386,0
837000.0,837000.0,29650.5,0.5437560378134573,0.5797274227921155,0
1288350.0,1125000.0,37669.5,0.7295448738980749,0.5028782772082183,0
1525482.0,1363500.0,43717.5,0.3728513977889288,0.3723336657058204,0
900000.0,900000.0,46084.5,0.6198578247016368,0.7407990879702335,0
247500.0,247500.0,12375.0,0.7169849402734555,0.6380435278721609,0
455040.0,360000.0,12510.0,0.4528103681324779,0.1402431837080297,0
405000.0,405000.0,20250.0,0.5323153304181552,0.5064842396679806,0
760225.5,679500.0,32337.0,0.0535599625864815,0.5884877883422673,0
1078200.0,900000.0,31653.0,0.7297303648343264,0.5424451438613613,0
640080.0,450000.0,24259.5,0.2939875845022613,0.7826078370261895,1
781920.0,675000.0,57028.5,0.6448677911419721,0.3046721837533529,0
1042560.0,900000.0,34456.5,0.6012720648412059,0.7688075728291359,0
337500.0,337500.0,16875.0,0.1451079653528582,0.3996756156233169,1
135000.0,135000.0,13149.0,0.6802213032784971,0.4083588531230431,0
270000.0,270000.0,13500.0,0.5170356005983143,0.3893387918468769,0
746280.0,675000.0,59094.0,0.4733051056674173,0.6577838002083306,0
416052.0,292500.0,20367.0,0.4002213887948684,0.1500851762342935,0
942300.0,675000.0,27549.0,0.3006207701415689,0.5495965024956946,0
545040.0,450000.0,25537.5,0.0496108121074896,0.2471909382666521,1
687600.0,450000.0,19836.0,0.0971783561907983,0.190705947811054,0
513531.0,459000.0,21888.0,0.4898676464235233,0.7838324335199619,0
284400.0,225000.0,16456.5,0.6943055686963661,0.5352762504724826,0
835605.0,697500.0,24561.0,0.6633632051474038,0.7726311345553628,0
711072.0,540000.0,28678.5,0.3869082668888517,0.3201633668633456,1
445500.0,445500.0,47268.0,0.6612552713059797,0.4794489811780563,0
537471.0,495000.0,55201.5,0.5345902595586458,0.7281412993111438,0
1255680.0,1125000.0,41499.0,0.6390979637566664,0.6956219298394389,0
640080.0,450000.0,29970.0,0.6450330367942175,0.6925590674998008,0
175500.0,175500.0,18751.5,0.6074471067356416,0.5352762504724826,0
781920.0,675000.0,34573.5,0.3755295542760157,0.6313545365850379,0
76410.0,67500.0,7686.0,0.5276361803842131,0.363945238612397,0
245619.0,166500.0,11812.5,0.6230216173523897,0.5352762504724826,0
679500.0,679500.0,30834.0,0.3647425393573645,0.3139166772114369,0
477792.0,378000.0,12730.5,0.6011409920629912,0.6446794549585961,0
360000.0,360000.0,17640.0,0.6234786068657968,0.4031416766587513,0
225000.0,225000.0,8469.0,0.6787020304238913,0.7850520263728172,0
544491.0,454500.0,15601.5,0.6462787730632961,0.6785676886853644,0
1189710.0,931500.0,34915.5,0.262635094970788,0.3893387918468769,0
270000.0,270000.0,13500.0,0.6220452902399258,0.2405414172860865,0
334152.0,270000.0,17190.0,0.4627757243359564,0.3490552510751822,0
1266048.0,1152000.0,53640.0,0.5573368325273788,0.5884877883422673,0
746280.0,675000.0,59094.0,0.5528274070125645,0.5352762504724826,0
463500.0,463500.0,28485.0,0.5577683895815206,0.1884895337951677,0
533304.0,405000.0,28053.0,0.1985077475519779,0.4118485559242397,0
808650.0,675000.0,23773.5,0.6527798461103054,0.6610235391308081,0
585000.0,585000.0,17235.0,0.7532577757708148,0.5954562029091491,0
312768.0,270000.0,15043.5,0.4400088113066132,0.6738300778602003,0
305221.5,252000.0,20524.5,0.2001060271526074,0.5352762504724826,0
630000.0,630000.0,32166.0,0.7208778218328261,0.6956219298394389,0
1256400.0,900000.0,44644.5,0.036393910353633,0.41534714488434,0
188685.0,157500.0,14728.5,0.4708417824921242,0.5172965813614878,1
331834.5,252000.0,18130.5,0.2702510433371696,0.4740512892789932,1
675000.0,675000.0,20596.5,0.5487966547954183,0.5779691187553125,0
225000.0,225000.0,17775.0,0.6661215425865188,0.5352762504724826,0
166500.0,166500.0,10768.5,0.7071716015986317,0.4258928980051529,0
1132326.0,877500.0,40801.5,0.6131004946387443,0.1110424022694314,0
360000.0,360000.0,13059.0,0.6178720245580971,0.6706517530862718,0
373311.0,283500.0,19674.0,0.4252970726443565,0.4632753280912678,0
1078200.0,900000.0,31522.5,0.7158742965744435,0.4188542886233217,0
270000.0,270000.0,13500.0,0.6071550598752345,0.6658549219640212,0
450000.0,450000.0,24543.0,0.2628892638989276,0.5352762504724826,0
243000.0,243000.0,9157.5,0.6760832790133475,0.5352762504724826,0
609898.5,526500.0,39105.0,0.4717190485453104,0.5352762504724826,0
1550655.0,1386000.0,42642.0,0.3053589182717415,0.5352762504724826,0
323388.0,292500.0,32116.5,0.1762183224908176,0.7001838506835805,0
202500.0,202500.0,10125.0,0.5225102665603328,0.8083935912119442,0
90000.0,90000.0,8383.5,0.4051445102670476,0.524496446363472,1
178290.0,157500.0,12042.0,0.5008765859312403,0.3154721549257734,1
566055.0,472500.0,18387.0,0.6632801839438358,0.8245949709919925,0
755190.0,675000.0,29947.5,0.7264097216083253,0.2539628093363117,0
1096020.0,900000.0,59589.0,0.6171541009569064,0.5352762504724826,0
163201.5,148500.0,12946.5,0.0633431275060106,0.0806495443214359,0
180000.0,180000.0,9000.0,0.5743110436293039,0.5460231970049609,0
781920.0,675000.0,28215.0,0.4282928990433581,0.2608559142068693,0
1350000.0,1350000.0,39474.0,0.7655849096254671,0.5136937663039473,0
157914.0,139500.0,10683.0,0.2631435910213423,0.5298898341969072,0
254700.0,225000.0,20250.0,0.1093604567172941,0.3979463219016906,0
135000.0,135000.0,6750.0,0.7666350269330958,0.5954562029091491,0
143910.0,135000.0,14148.0,0.5555179553138245,0.5352762504724826,0
256500.0,256500.0,16713.0,0.5853173457543265,0.5352762504724826,0
272173.5,184500.0,12118.5,0.4969732603473035,0.5954562029091491,0
900000.0,900000.0,26446.5,0.5306872183623269,0.7151031019926098,0
521280.0,450000.0,26779.5,0.4958307388310573,0.4848514754962666,0
900000.0,900000.0,26316.0,0.3236040331908318,0.7238369900414456,0
1886850.0,1575000.0,52015.5,0.2449004085517018,0.5352762504724826,0
91143.0,85500.0,9144.0,0.6517680384233184,0.6940926425266661,0
327024.0,270000.0,16033.5,0.1964975338456388,0.4400578303966329,0
900000.0,900000.0,26446.5,0.4276504857543723,0.5744466170995097,0
254700.0,225000.0,27558.0,0.2510661459814842,0.6279908192952864,0
1306174.5,1201500.0,49882.5,0.7423174612691767,0.6161216908872079,0
640080.0,450000.0,31131.0,0.1048747953876084,0.1285043773724039,0
513531.0,459000.0,20223.0,0.3445864845061774,0.190705947811054,0
566055.0,472500.0,18387.0,0.5410694026410776,0.6263042766749393,0
1214100.0,1125000.0,67792.5,0.6126750604043834,0.7394117535524816,0
149256.0,135000.0,15799.5,0.6838254736814579,0.7121551551910698,0
1264428.0,990000.0,40918.5,0.5588684638183679,0.7194907850918436,0
188685.0,157500.0,16272.0,0.4718879833522456,0.5352762504724826,0
420588.0,360000.0,32679.0,0.5949223611507681,0.6512602186973006,0
1024740.0,900000.0,52452.0,0.4095420140773999,0.1237353221130787,0
450000.0,450000.0,30073.5,0.6610054147752841,0.5352762504724826,1
645903.0,598500.0,39645.0,0.6921897074474279,0.6075573001388961,0
202500.0,202500.0,10125.0,0.4453876642255956,0.7252764347002191,0
770292.0,688500.0,32764.5,0.6041676528505224,0.7958031328748403,0
675000.0,675000.0,29862.0,0.3286500466963014,0.3672910183026313,0
1133748.0,990000.0,33277.5,0.40550820195406,0.3139166772114369,0
533668.5,477000.0,20731.5,0.5520217945822617,0.622922000268356,0
1350000.0,1350000.0,67500.0,0.7631192732132595,0.5352762504724826,0
384048.0,270000.0,14607.0,0.0166363331866297,0.6195277080511546,0
770328.0,585000.0,27796.5,0.6825048985189488,0.6397075677637197,0
568800.0,450000.0,20560.5,0.7317654705902802,0.375711009574066,0
270000.0,270000.0,28647.0,0.701034926584068,0.6940926425266661,0
247275.0,225000.0,18616.5,0.6397987546054095,0.5424451438613613,0
993082.5,913500.0,42205.5,0.4198865654864529,0.7281412993111438,0
338832.0,292500.0,17428.5,0.4538617077334849,0.6263042766749393,0
1350000.0,1350000.0,68580.0,0.7800738554937219,0.5352762504724826,0
354276.0,292500.0,13486.5,0.6501831035911129,0.5352762504724826,0
728460.0,675000.0,38083.5,0.5621759436030345,0.445396241560834,0
320922.0,283500.0,33826.5,0.5292327990624901,0.4992720153045617,0
536917.5,463500.0,21555.0,0.7041375443121193,0.4507472818545589,0
202500.0,202500.0,10125.0,0.4150260471224746,0.5352762504724826,0
239850.0,225000.0,22194.0,0.7276075588016351,0.7557400501752248,0
373500.0,225000.0,10831.5,0.2410911467317754,0.3910549766342248,1
755190.0,675000.0,30078.0,0.2665197753925157,0.6195277080511546,0
301464.0,238500.0,23949.0,0.478972212647436,0.3859146722745145,0
270000.0,270000.0,19647.0,0.7621613241634849,0.5352762504724826,0
270000.0,270000.0,13500.0,0.5825972229913853,0.5352762504724826,0
331834.5,252000.0,14746.5,0.2481213454309361,0.7338145369642702,0
247500.0,247500.0,13554.0,0.5101033311605843,0.5814837058057234,1
497520.0,450000.0,33246.0,0.4182841259514641,0.5352762504724826,0
269550.0,225000.0,12001.5,0.3869757028501182,0.2263473957097693,0
675000.0,675000.0,19737.0,0.6852279956042763,0.5280927512030451,0
95940.0,90000.0,9342.0,0.5503610519861771,0.5352762504724826,0
582768.0,540000.0,31176.0,0.6585068487413954,0.6785676886853644,0
170640.0,135000.0,9922.5,0.466028345000308,0.1455428133497032,0
761872.5,675000.0,61213.5,0.6816038960314159,0.363945238612397,0
771493.5,666000.0,25627.5,0.6165597486262046,0.2512394458905693,0
900000.0,900000.0,26446.5,0.6445321861334664,0.6722428897082422,0
961146.0,688500.0,28233.0,0.5899168604342055,0.6041125998015721,0
755190.0,675000.0,36459.0,0.4463655775744,0.5919766183185521,0
808650.0,675000.0,26086.5,0.4611342821716226,0.5154953751603267,0
251091.0,238500.0,24961.5,0.729005201353378,0.6512602186973006,0
327024.0,270000.0,21982.5,0.6556144396148942,0.3962195720630885,0
387000.0,387000.0,12370.5,0.6180991739233934,0.5352762504724826,0
459000.0,459000.0,17914.5,0.1637192711866296,0.6092756673894402,0
225000.0,225000.0,12915.0,0.7487886344899078,0.6769925032909132,0
481495.5,454500.0,32436.0,0.3149781061019107,0.746300213050371,0
755190.0,675000.0,36459.0,0.5954650407968981,0.7281412993111438,0
1575000.0,1575000.0,46053.0,0.7477465164938093,0.6577838002083306,0
1206954.0,945000.0,35419.5,0.2492694734135901,0.5460231970049609,0
715500.0,715500.0,25479.0,0.7133992975601597,0.1198779608955348,0
497520.0,450000.0,32391.0,0.6269219962366944,0.4489622731076524,0
562500.0,562500.0,18274.5,0.5398148123460457,0.3740208032583212,0
787131.0,679500.0,26145.0,0.5838994821495895,0.7688075728291359,0
592560.0,450000.0,35937.0,0.3636032614365042,0.4614823912998385,0
1278594.0,1129500.0,46057.5,0.3300797817835429,0.7281412993111438,0
1298655.0,1134000.0,34389.0,0.6658880572666489,0.5531646987710016,0
1288350.0,1125000.0,37669.5,0.6228983467249344,0.363945238612397,0
112500.0,112500.0,11943.0,0.6364913012802964,0.8667312342599449,0
592560.0,450000.0,31023.0,0.2985879694006489,0.2985949897873972,1
314100.0,225000.0,16573.5,0.1176026676764625,0.1595195404777181,1
1288350.0,1125000.0,37800.0,0.5226793942388216,0.1694287272664794,0
270000.0,270000.0,13500.0,0.0633081061791035,0.2837118826350007,0
1546020.0,1350000.0,45333.0,0.6696962424695736,0.4920600938649263,0
835164.0,733500.0,42772.5,0.7258748463789956,0.3791004853998145,0
1256400.0,900000.0,36864.0,0.6592637367355662,0.6109913280868294,0
335592.0,265500.0,21577.5,0.2898832677976633,0.5352762504724826,0
225000.0,225000.0,6066.0,0.6879149429663663,0.7180328113294772,0
180000.0,180000.0,9000.0,0.5266986506617679,0.213966852261798,0
1046142.0,913500.0,30717.0,0.6985127387433272,0.2866524828090694,0
921861.0,769500.0,26955.0,0.7370797550960422,0.3589512285783967,0
254700.0,225000.0,27558.0,0.6927019796544368,0.6092756673894402,0
906228.0,810000.0,36067.5,0.5206986478646989,0.5495965024956946,0
540000.0,540000.0,28899.0,0.641409819129489,0.6380435278721609,0
286704.0,247500.0,18666.0,0.592707102947451,0.5867400085415683,0
810000.0,810000.0,22275.0,0.2243229072493683,0.2778856891082046,0
755190.0,675000.0,29286.0,0.6229959372837893,0.4974688893052743,0
270000.0,270000.0,13500.0,0.2493022122303303,0.6246146584503397,0
526500.0,526500.0,21010.5,0.3818734119616759,0.5352762504724826,0
521280.0,450000.0,26779.5,0.5910484626020869,0.1852020815902493,0
900000.0,900000.0,33354.0,0.4816086140501021,0.4740512892789932,0
1138500.0,1138500.0,31306.5,0.5606629274681464,0.3876253444214701,0
337500.0,337500.0,12636.0,0.2189922647180279,0.6178261467332483,0
157500.0,157500.0,16267.5,0.5513186879858314,0.8016009030071296,0
746626.5,567000.0,26946.0,0.695126459090938,0.5352762504724826,0
74628.0,67500.0,8568.0,0.7030064995147489,0.6894791426446275,0
253737.0,229500.0,23607.0,0.2072989243776666,0.470456116119975,0
177903.0,148500.0,15399.0,0.6804543337472728,0.4668640059537032,1
675000.0,675000.0,32472.0,0.402906689384096,0.3328505641648731,1
906615.0,688500.0,30091.5,0.4578268199968029,0.7476633896301825,0
450000.0,450000.0,27193.5,0.5611099512431124,0.7597121819739279,0
327249.0,292500.0,26365.5,0.6472579586086145,0.6296742509538716,0
134775.0,112500.0,12492.0,0.3213680194083536,0.5352762504724826,1
864000.0,864000.0,34393.5,0.6127580854824649,0.3979463219016906,0
900000.0,900000.0,26446.5,0.4245115670942585,0.7934490301648944,0
203760.0,180000.0,21942.0,0.6335111229621574,0.475849908720221,0
770292.0,688500.0,32764.5,0.1965493278610876,0.7610263695502636,0
135000.0,135000.0,6750.0,0.6986186466871439,0.5352762504724826,0
549882.0,459000.0,17869.5,0.2663103612437609,0.2750003523983893,0
855000.0,855000.0,37660.5,0.3343926659713868,0.5352762504724826,0
571500.0,571500.0,31909.5,0.7011174161496728,0.3622772470384314,0
592560.0,450000.0,40216.5,0.7514283618274846,0.7295666907060153,0
212656.5,193500.0,17181.0,0.3813264156612074,0.2032521136204725,0
283585.5,256500.0,16407.0,0.0563870056971276,0.3031463744186309,0
625536.0,540000.0,26424.0,0.4338972435182714,0.7091891096653581,0
808650.0,675000.0,23773.5,0.2981439189079746,0.501075160239048,0
450000.0,450000.0,24543.0,0.6406852324736965,0.4866531565147181,0
202500.0,202500.0,10125.0,0.2565493100874797,0.511891801533151,1
1477863.0,1395000.0,95688.0,0.6456236320194642,0.6848276586890367,0
360000.0,360000.0,12852.0,0.6660972249960166,0.3944954053123993,0
1086034.5,999000.0,43200.0,0.7111810194259567,0.4276573700350293,0
1436850.0,1125000.0,42142.5,0.7413919627101065,0.4561097392782771,0
573628.5,463500.0,21388.5,0.2338962407216287,0.2580842039460289,1
152820.0,135000.0,16344.0,0.499181849925407,0.2793353208976285,0
450000.0,450000.0,22500.0,0.6119690833634556,0.3344541255096772,0
485640.0,450000.0,38263.5,0.2650816394136861,0.3328505641648731,0
298512.0,270000.0,21721.5,0.5488237287829323,0.059629657546692,0
229230.0,202500.0,14778.0,0.3662842384621369,0.7738956942145427,0
755190.0,675000.0,50800.5,0.093610327368893,0.5638350489514956,0
1575000.0,1575000.0,43312.5,0.5589978465438346,0.4992720153045617,0
381528.0,315000.0,18684.0,0.2027794451513824,0.178760465484575,1
770292.0,688500.0,32764.5,0.6807348018898198,0.6127042441012546,0
1620000.0,1620000.0,56308.5,0.6883279277106003,0.4650692149562261,0
1042560.0,900000.0,34587.0,0.3388509756715384,0.6479768603302221,0
275040.0,180000.0,12951.0,0.3631732646638437,0.5352762504724826,1
278613.0,252000.0,28678.5,0.5313842847877407,0.3689687382528466,0
592560.0,450000.0,28638.0,0.5884771887926155,0.6674577419214722,0
652311.0,544500.0,21172.5,0.1631870354642708,0.5867400085415683,0
225000.0,225000.0,8613.0,0.4988210362709624,0.5352762504724826,0
728460.0,675000.0,38938.5,0.2120165459307647,0.7338145369642702,0
452385.0,373500.0,22131.0,0.445263429107096,0.0339098057920182,0
436032.0,360000.0,21208.5,0.4820017092821654,0.4311917977993083,0
675000.0,675000.0,35082.0,0.7063467651895643,0.3672910183026313,0
188460.0,135000.0,11515.5,0.5604097498199767,0.5567274263630174,0
454500.0,454500.0,21865.5,0.3126049459935877,0.4083588531230431,0
755190.0,675000.0,32125.5,0.7163499737720839,0.4561097392782771,0
284400.0,225000.0,8752.5,0.2519841908541295,0.4135967602644276,0
1546020.0,1350000.0,45202.5,0.752761593806272,0.3185955240537633,0
808650.0,675000.0,23305.5,0.203732053063216,0.4614823912998385,0
835380.0,675000.0,40320.0,0.7337908425130115,0.7838324335199619,0
391500.0,391500.0,27841.5,0.7604765184441891,0.8128226070575616,0
450000.0,450000.0,30073.5,0.5087917454064658,0.2764406945454034,0
254700.0,225000.0,14350.5,0.2035724632193326,0.5620604831738043,0
900000.0,900000.0,45000.0,0.1922073830328058,0.5352762504724826,0
607500.0,607500.0,33084.0,0.4253505221468029,0.4812493411434029,0
225000.0,225000.0,13045.5,0.6350633233998837,0.6658549219640212,0
225000.0,225000.0,22050.0,0.4766424513190779,0.5352762504724826,0
1039500.0,1039500.0,30523.5,0.7093404672870021,0.7981372313187245,0
1035832.5,904500.0,30285.0,0.632530691449947,0.7136313997323308,0
381528.0,315000.0,13833.0,0.6885765128078041,0.3280631605201915,1
539100.0,450000.0,29376.0,0.5831661075816368,0.5352762504724826,0
815877.0,756000.0,47830.5,0.6601424762074776,0.5460231970049609,0
1530517.5,1368000.0,44878.5,0.4071117838904492,0.8016009030071296,0
198666.0,175500.0,10386.0,0.2240832829069524,0.5352762504724826,0
364896.0,315000.0,16200.0,0.6456686592259533,0.3589512285783967,0
450000.0,450000.0,20979.0,0.3866022659007289,0.2366108235287817,0
916470.0,765000.0,26928.0,0.5089775611649846,0.2881295999178507,0
225000.0,225000.0,13896.0,0.4886381638198589,0.8193176922872417,0
180000.0,180000.0,9000.0,0.3287803307082121,0.5352762504724826,0
654498.0,585000.0,27859.5,0.30607835025039,0.5352762504724826,0
180000.0,180000.0,9000.0,0.5499389239561607,0.5352762504724826,0
254700.0,225000.0,26874.0,0.5366516939684592,0.5352762504724826,0
180000.0,180000.0,9000.0,0.6334654278514623,0.3296550543128238,0
970380.0,810000.0,28503.0,0.3352352114891181,0.5406544504453575,0
436032.0,360000.0,21339.0,0.6568871560373682,0.110332428166289,0
545040.0,450000.0,19705.5,0.5844678577799832,0.7281412993111438,0
585000.0,585000.0,29250.0,0.162144567666238,0.4118485559242397,0
539100.0,450000.0,29376.0,0.5981118395132721,0.4507472818545589,0
677664.0,585000.0,37971.0,0.6876237970031798,0.6658549219640212,0
758214.0,603000.0,32256.0,0.6746305575225072,0.6658549219640212,0
199080.0,157500.0,13090.5,0.1986121437558572,0.4206109640437848,0
900000.0,900000.0,26446.5,0.5686667947977211,0.5849900404894085,0
523597.5,468000.0,22311.0,0.6581428615513801,0.5620604831738043,0
180000.0,180000.0,9000.0,0.7188714100141955,0.6479768603302221,0
755190.0,675000.0,32125.5,0.5992204360304005,0.1500851762342935,0
1009566.0,904500.0,36391.5,0.4474520339779709,0.8128226070575616,0
808650.0,675000.0,26217.0,0.6931300610050767,0.8106180215523969,0
675000.0,675000.0,17937.0,0.4206537810087756,0.4101025731788671,1
180000.0,180000.0,11848.5,0.2575641352613946,0.5495965024956946,0
152820.0,135000.0,16587.0,0.4279341883428694,0.2044226253763287,0
544491.0,454500.0,17694.0,0.3135360968588879,0.7047064232963289,0
1006920.0,900000.0,40063.5,0.5879369198224458,0.5352762504724826,0
180000.0,180000.0,9000.0,0.5727064251507902,0.7394117535524816,1
1048500.0,1048500.0,33952.5,0.5313788394273955,0.3201633668633456,0
225000.0,225000.0,12204.0,0.5866542593537074,0.3689687382528466,0
349258.5,301500.0,16798.5,0.5999186989562895,0.3092753558842053,0
728460.0,675000.0,57555.0,0.6637537577270702,0.0238884360918939,0
539100.0,450000.0,26064.0,0.471773542938451,0.5352762504724826,0
276277.5,238500.0,17784.0,0.6213561265806405,0.7764098512142026,1
573408.0,495000.0,29407.5,0.2927092678328366,0.1777040724853336,0
755190.0,675000.0,36459.0,0.7378460747305174,0.4740512892789932,0
314055.0,238500.0,12091.5,0.601770008896263,0.4578995512067301,0
178290.0,157500.0,10233.0,0.5178382567092665,0.0963186927645401,0
225000.0,225000.0,11250.0,0.6924319315981583,0.6109913280868294,0
942300.0,675000.0,26041.5,0.5996982385820416,0.5082869913916046,0
539230.5,409500.0,20668.5,0.4663711854958713,0.6075573001388961,1
450000.0,450000.0,32877.0,0.6103425155084179,0.5352762504724826,0
584766.0,472500.0,24903.0,0.64682347219278,0.4632753280912678,0
238981.5,162000.0,10656.0,0.7975550853217985,0.5352762504724826,0
599778.0,477000.0,28984.5,0.6174227367234892,0.838724852442103,0
966555.0,913500.0,51628.5,0.7028329737782496,0.5867400085415683,0
403083.0,373500.0,28795.5,0.0205699119619615,0.524496446363472,0
704844.0,630000.0,29992.5,0.6334044973030262,0.3474182272002641,0
149256.0,135000.0,17712.0,0.2081482511762512,0.6817058776720116,0
1185282.0,1035000.0,33966.0,0.7106687009929633,0.3927738606031339,0
343377.0,283500.0,25114.5,0.1057359880322966,0.178760465484575,1
679500.0,679500.0,30834.0,0.5752997809291099,0.5352762504724826,0
239850.0,225000.0,23494.5,0.3467280857509862,0.7267112092725122,0
159205.5,144000.0,16848.0,0.4508280663732521,0.2276129150623945,0
787086.0,657000.0,30627.0,0.5333604465460791,0.2837118826350007,0
976711.5,873000.0,44266.5,0.0676197931829855,0.5602843280409464,1
733500.0,733500.0,21447.0,0.5250738839493094,0.1214082861631216,0
298512.0,270000.0,19948.5,0.4295141487558614,0.5352762504724826,0
443088.0,382500.0,19647.0,0.4947101259797029,0.5352762504724826,0
363190.5,328500.0,24399.0,0.1737653543610143,0.1455428133497032,1
495000.0,495000.0,31765.5,0.4488040472305405,0.3123653692278984,0
252000.0,252000.0,11745.0,0.3834903431482221,0.6722428897082422,0
239418.0,211500.0,19044.0,0.4493612980029484,0.7091891096653581,1
837427.5,666000.0,45427.5,0.6475125444268579,0.3062022983135042,0
888840.0,675000.0,29506.5,0.6777619004104548,0.5352762504724826,0
573408.0,495000.0,19080.0,0.6665979889053817,0.6801388218428291,0
275040.0,180000.0,10498.5,0.6586101084135365,0.7001838506835805,0
183384.0,162000.0,19386.0,0.4995481313230277,0.7121551551910698,0
808650.0,675000.0,26086.5,0.4317338663151744,0.5352762504724826,0
282690.0,202500.0,14931.0,0.6380885920601086,0.7136313997323308,0
646920.0,540000.0,20997.0,0.5425025819318211,0.6801388218428291,0
808650.0,675000.0,26217.0,0.6023620260570808,0.6879328378491735,0
544500.0,544500.0,24115.5,0.466806584248105,0.6528965519806539,0
180000.0,180000.0,12658.5,0.4163645382771176,0.5691487713619409,0
292500.0,292500.0,14202.0,0.7368635707432372,0.1253078784282391,0
1255680.0,1125000.0,45234.0,0.7008928306180424,0.7421816117614419,0
1546020.0,1350000.0,42642.0,0.5972810475603362,0.6706517530862718,0
168102.0,148500.0,18234.0,0.0251482109032842,0.5352762504724826,0
279000.0,279000.0,13135.5,0.5199836699515449,0.5567274263630174,0
589500.0,589500.0,19017.0,0.5244249174247096,0.5352762504724826,0
604152.0,540000.0,26739.0,0.5413680384938626,0.6940926425266661,0
199467.0,166500.0,15043.5,0.6217110558232247,0.5352762504724826,0
521280.0,450000.0,31630.5,0.6107168970084892,0.520897599048938,0
592560.0,450000.0,35937.0,0.3425004196962275,0.5352762504724826,0
157914.0,139500.0,10552.5,0.2775176345893066,0.3441550073724169,0
450000.0,450000.0,30573.0,0.4490258501807637,0.5352762504724826,1
828837.0,715500.0,44289.0,0.2429886979519189,0.5937175866150576,0
268164.0,175500.0,10237.5,0.6868059190736177,0.746300213050371,0
2220259.5,1984500.0,58567.5,0.7312973544211414,0.3996756156233169,0
675000.0,675000.0,32472.0,0.0296089842690587,0.6479768603302221,0
485640.0,450000.0,44671.5,0.6034823695710452,0.2970866116472028,0
203760.0,180000.0,14764.5,0.6551501800528587,0.4135967602644276,0
148500.0,148500.0,11902.5,0.7240173300297781,0.4311917977993083,0
1130062.5,1039500.0,44946.0,0.6150438706749906,0.7570690154522959,0
269550.0,225000.0,12001.5,0.5794991017703051,0.6956219298394389,0
180000.0,180000.0,9000.0,0.3087974655195423,0.3774042489507649,0
675000.0,675000.0,32602.5,0.1424322778520568,0.7407990879702335,0
900000.0,900000.0,26316.0,0.6504267743349164,0.6674577419214722,1
981162.0,819000.0,28818.0,0.6426059845351004,0.5388627065779676,0
276277.5,238500.0,15115.5,0.1871558912123749,0.5352762504724826,0
1288350.0,1125000.0,41562.0,0.7062832600332147,0.3807996826489149,1
135000.0,135000.0,14305.5,0.7270741455131909,0.4400578303966329,0
941193.0,760500.0,40005.0,0.6305003173176552,0.6848276586890367,0
1575000.0,1575000.0,60120.0,0.7029973680403029,0.434733248750173,0
277969.5,229500.0,20272.5,0.4719860774877253,0.4812493411434029,0
45000.0,45000.0,4977.0,0.0380647149065298,0.7934490301648944,0
1260702.0,1129500.0,41665.5,0.686528328329161,0.3154721549257734,0
622188.0,472500.0,26154.0,0.0336796776407453,0.5442347412142162,1
810000.0,810000.0,40500.0,0.3525108593431336,0.3774042489507649,0
180000.0,180000.0,9000.0,0.6660777702876591,0.6313545365850379,0
389844.0,315000.0,21276.0,0.5405209219380075,0.8482442999507556,0
1724220.0,1350000.0,50544.0,0.7061925244666846,0.6738300778602003,0
521280.0,450000.0,28408.5,0.6515645192234928,0.3689687382528466,0
297130.5,256500.0,15300.0,0.6479765734622346,0.7136313997323308,0
268659.0,243000.0,15129.0,0.1915258625230554,0.5352762504724826,0
111384.0,90000.0,9688.5,0.3599376654712225,0.1694287272664794,0
207396.0,157500.0,12816.0,0.3552558605867515,0.7517237147741489,0
254700.0,225000.0,20119.5,0.1349677347577219,0.1528662291550415,0
585000.0,585000.0,29250.0,0.7427271706244317,0.7688075728291359,0
1288350.0,1125000.0,34114.5,0.6541317252440338,0.2707073872651806,0
1078200.0,900000.0,38331.0,0.6591360073041551,0.4902575124990026,0
1546020.0,1350000.0,39082.5,0.4519056857230703,0.5064842396679806,0
356580.0,315000.0,40459.5,0.4922941709279342,0.6848276586890367,0
639396.0,571500.0,28291.5,0.6998097999829397,0.5190973382084597,0
402939.0,306000.0,16542.0,0.5316075381117786,0.3154721549257734,1
225000.0,225000.0,11250.0,0.5398528377289878,0.7662336700704004,0
1166724.0,913500.0,37768.5,0.653305045644048,0.7016957740576931,0
337500.0,450000.0,16875.0,0.3942681389792175,0.6577838002083306,0
454500.0,454500.0,18022.5,0.6119275406293457,0.2314393514998941,0
536917.5,463500.0,27544.5,0.7365072533713894,0.4329616670974407,0
808650.0,675000.0,29839.5,0.5572397202352952,0.2327247762679433,0
315000.0,315000.0,24885.0,0.224612220200516,0.2103502286944494,0
180000.0,180000.0,9000.0,0.3141906828499918,0.2539628093363117,0
405000.0,405000.0,20250.0,0.3970603338557857,0.5316861425197883,0
1078200.0,900000.0,31653.0,0.5797548575313084,0.3774042489507649,0
1078200.0,900000.0,31653.0,0.6546510178630413,0.3139166772114369,1
675000.0,675000.0,24246.0,0.3893178789391311,0.6413682574954046,0
518562.0,463500.0,26604.0,0.3017852479498965,0.5513812618027899,0
521280.0,450000.0,27423.0,0.6645049413047401,0.3979463219016906,0
1350000.0,1350000.0,35743.5,0.6839672950890641,0.4418358231994413,0
1341000.0,1341000.0,43389.0,0.6716427020852014,0.5352762504724826,0
1642500.0,1642500.0,57222.0,0.5715447947480037,0.4722533429586386,0
1288350.0,1125000.0,37800.0,0.6680349834190424,0.7490217048463391,0
137520.0,90000.0,6538.5,0.697927562070279,0.4206109640437848,0
381528.0,315000.0,13833.0,0.5934353940646254,0.6594055320683344,0
225000.0,225000.0,8212.5,0.4757969994589582,0.6127042441012546,0
715500.0,715500.0,23643.0,0.2665881782235377,0.6109913280868294,0
1061599.5,927000.0,28134.0,0.4171671632763977,0.5937175866150576,0
1575000.0,1575000.0,41548.5,0.570660998677006,0.5352762504724826,0
270000.0,270000.0,21460.5,0.3616775744187449,0.5388627065779676,0
135000.0,135000.0,6750.0,0.5406512629285225,0.7338145369642702,1
1080000.0,1080000.0,31707.0,0.4447611570096029,0.5352762504724826,0
900000.0,900000.0,46084.5,0.5934248420458674,0.6006575372857061,0
942300.0,675000.0,30528.0,0.4332742724578002,0.4543210601605785,0
607500.0,607500.0,29223.0,0.0449305971233796,0.7194907850918436,0
450000.0,450000.0,27324.0,0.4478359276360014,0.3409064264152384,0
1078200.0,900000.0,31653.0,0.6680155853424157,0.4206109640437848,0
279000.0,279000.0,13698.0,0.6580001670824971,0.4471785780453068,0
298512.0,270000.0,17266.5,0.642676292072271,0.5902333386185574,0
816660.0,585000.0,31774.5,0.6349214080898393,0.6801388218428291,0
450000.0,450000.0,21888.0,0.6265434362086529,0.3962195720630885,0
675000.0,675000.0,24246.0,0.2755358466931539,0.3656165070113335,0
450000.0,450000.0,21109.5,0.5660312575232652,0.5638350489514956,0
259794.0,229500.0,27409.5,0.5825280911599198,0.6722428897082422,0
454500.0,454500.0,16321.5,0.7116524147093054,0.1317701325313814,0
810000.0,810000.0,28827.0,0.657005434042579,0.5352762504724826,0
781920.0,675000.0,61906.5,0.7361803570218137,0.5352762504724826,0
500211.0,463500.0,28062.0,0.3104147357090927,0.3344541255096772,0
1293502.5,1129500.0,37948.5,0.2362239347908323,0.6109913280868294,0
447768.0,405000.0,25704.0,0.6530424924554045,0.5352762504724826,0
969579.0,837000.0,32175.0,0.5177563571719683,0.6195277080511546,0
382500.0,382500.0,19125.0,0.7127281690755165,0.6512602186973006,0
299772.0,247500.0,13972.5,0.6210576796775966,0.3506958432829587,0
171000.0,171000.0,9945.0,0.3103632479546279,0.5495965024956946,0
284400.0,225000.0,13257.0,0.5634242544156147,0.1884895337951677,0
528633.0,472500.0,20263.5,0.3977096762992321,0.5620604831738043,0
781920.0,675000.0,40617.0,0.1762881705412118,0.8050196619153701,0
1391418.0,1215000.0,38394.0,0.4911300426331142,0.5352762504724826,0
225000.0,225000.0,23184.0,0.3916234927151343,0.6161216908872079,0
537669.0,378000.0,25195.5,0.5170902058883371,0.7091891096653581,0
45000.0,45000.0,4581.0,0.7413081004613009,0.8327850252992314,0
450000.0,450000.0,21888.0,0.0014235738087719,0.5352762504724826,0
1350000.0,1350000.0,37125.0,0.6439407750904774,0.3807996826489149,0
225000.0,225000.0,17775.0,0.6805161430377823,0.0963186927645401,1
104256.0,90000.0,12501.0,0.3675033084426122,0.4614823912998385,0
1288350.0,1125000.0,37669.5,0.6880182171811793,0.5849900404894085,0
113760.0,90000.0,7731.0,0.5613738103437803,0.7801436381572275,0
67500.0,67500.0,2542.5,0.5813630001119756,0.5352762504724826,0
900000.0,900000.0,38133.0,0.3774031635050281,0.7862666146611379,0
76410.0,67500.0,7443.0,0.3622431978780319,0.6986675550534175,0
439074.0,328500.0,22549.5,0.495103701601233,0.6363761710860439,0
675000.0,675000.0,19867.5,0.7255745096450343,0.5352762504724826,0
675000.0,675000.0,36616.5,0.6335720460409197,0.5352762504724826,0
808650.0,675000.0,26217.0,0.2777281390176555,0.6195277080511546,0
810000.0,810000.0,31653.0,0.4947866540745392,0.7557400501752248,0
337500.0,337500.0,16875.0,0.7792962955200659,0.3842068130556564,0
1024740.0,900000.0,52452.0,0.6381441392741618,0.5567274263630174,0
904608.0,648000.0,35181.0,0.4649728168970873,0.4489622731076524,0
254700.0,225000.0,17149.5,0.1604053214783667,0.6956219298394389,0
225000.0,225000.0,20767.5,0.5617722256118803,0.3344541255096772,0
202500.0,202500.0,10125.0,0.5102836637305129,0.1293142889822697,1
260640.0,225000.0,31059.0,0.647322860979744,0.8256357449717892,0
275040.0,180000.0,10368.0,0.5094858090925793,0.7421816117614419,0
829809.0,670500.0,32598.0,0.4894140888919906,0.5352762504724826,0
307944.0,292500.0,30456.0,0.4561880256483439,0.5352762504724826,0
225000.0,225000.0,11250.0,0.7949047836989618,0.722392890081304,0
485640.0,450000.0,38938.5,0.3514783701450068,0.6092756673894402,0
88618.5,76500.0,6988.5,0.4777117299057343,0.5531646987710016,0
1928304.0,1800000.0,79578.0,0.3803673198313635,0.5797274227921155,0
360000.0,360000.0,18508.5,0.5247194167914286,0.3506958432829587,0
270000.0,270000.0,12510.0,0.5440435496912502,0.4418358231994413,0
405000.0,405000.0,20250.0,0.5762291790205597,0.4938628816996244,0
1800000.0,1800000.0,62568.0,0.6574291034273035,0.2079641743053816,0
1017000.0,1017000.0,29866.5,0.698535764008802,0.4083588531230431,0
180000.0,180000.0,9000.0,0.3942315825403711,0.5352762504724826,0
403249.5,283500.0,19741.5,0.6282865863991296,0.5352762504724826,0
540000.0,540000.0,27000.0,0.6134790897284914,0.2692857999073816,0
324000.0,324000.0,23706.0,0.7249078162474635,0.4311917977993083,0
180000.0,180000.0,9000.0,0.6426310950746981,0.7076993447402619,0
180000.0,180000.0,9000.0,0.6302914190710592,0.8050196619153701,0
387000.0,387000.0,14719.5,0.1923160541736026,0.5442347412142162,0
135000.0,135000.0,6750.0,0.5844891011204217,0.7062051096536562,0
988191.0,909000.0,47538.0,0.7492161843770891,0.5352762504724826,0
161730.0,135000.0,6120.0,0.7049296071802551,0.6769925032909132,0
239850.0,225000.0,28593.0,0.6739101416828649,0.5352762504724826,1
302206.5,229500.0,11641.5,0.5116497292822365,0.5352762504724826,0
450000.0,450000.0,22500.0,0.2580829975592371,0.4686596550493113,0
352044.0,247500.0,11569.5,0.3335608976839545,0.6246146584503397,0
900000.0,900000.0,26316.0,0.3413244478332803,0.5352762504724826,0
544491.0,454500.0,15916.5,0.4582556633244626,0.5832379256761245,0
432661.5,373500.0,16164.0,0.6626694246442251,0.3170317785834444,0
284400.0,225000.0,19134.0,0.6059965502364884,0.3556387169923543,0
1113840.0,900000.0,29866.5,0.6576359206165271,0.4812493411434029,0
1288350.0,1125000.0,34114.5,0.5987161760541374,0.7583930617144343,0
1237684.5,1138500.0,49216.5,0.6088280688155442,0.6430255641096323,0
540000.0,540000.0,27000.0,0.0748613958721842,0.6006575372857061,0
595903.5,481500.0,30555.0,0.5034241066466641,0.2164029605152194,0
900000.0,900000.0,26316.0,0.4660501117001741,0.2636468134452008,0
269550.0,225000.0,21739.5,0.2364844301205795,0.5352762504724826,0
545040.0,450000.0,19705.5,0.6761168002990198,0.475849908720221,0
2159842.5,1930500.0,57105.0,0.6908275612835464,0.5352762504724826,0
545040.0,450000.0,26640.0,0.6379623346696226,0.3312508645909018,1
95940.0,90000.0,9099.0,0.3485928195099124,0.6658549219640212,0
610335.0,463500.0,22050.0,0.2622583692422573,0.511891801533151,0
657886.5,621000.0,44140.5,0.5574447299329154,0.5352762504724826,0
263686.5,238500.0,28525.5,0.1667444507459339,0.5352762504724826,0
152820.0,135000.0,14418.0,0.7283393953288771,0.7544061731797895,0
397881.0,328500.0,14418.0,0.3031277886344071,0.6512602186973006,0
1528200.0,1350000.0,53118.0,0.6273055133039771,0.363945238612397,0
675000.0,675000.0,36747.0,0.6059077862135173,0.4578995512067301,1
202500.0,202500.0,10125.0,0.4040014064243257,0.3062022983135042,1
45000.0,45000.0,4581.0,0.7165010227853196,0.7252764347002191,0
2156400.0,1800000.0,57015.0,0.7091691113307462,0.3539876078507373,0
247275.0,225000.0,19548.0,0.4474574404970684,0.3910549766342248,0
675000.0,675000.0,34641.0,0.5351560508651579,0.3031463744186309,0
306306.0,247500.0,16744.5,0.4941853687666983,0.175605979469379,0
675000.0,675000.0,29731.5,0.5847864748841726,0.622922000268356,0
409500.0,409500.0,27495.0,0.3058786709439934,0.5352762504724826,0
247500.0,247500.0,12375.0,0.6825807101464932,0.5352762504724826,0
586332.0,540000.0,58122.0,0.5347806801049,0.6545292802242897,0
1686591.0,1507500.0,44622.0,0.7422379785421023,0.5919766183185521,0
983299.5,904500.0,41791.5,0.4957815402323064,0.7238369900414456,0
407520.0,360000.0,25060.5,0.6405795098585025,0.8633633824101478,0
592560.0,450000.0,40216.5,0.6788879761918514,0.5352762504724826,0
199080.0,157500.0,9409.5,0.3724935317864952,0.324891229465852,0
1129500.0,1129500.0,105606.0,0.6805304058194256,0.5638350489514956,0
585216.0,499500.0,37530.0,0.5662729615555641,0.4241303111942548,0
728460.0,675000.0,40806.0,0.5949908675221109,0.5028782772082183,0
343683.0,261000.0,20898.0,0.5489807522053751,0.8347841592331774,0
270000.0,270000.0,13500.0,0.7788182674035123,0.7958031328748403,0
355536.0,270000.0,19417.5,0.5309758621111652,0.5352762504724826,0
312840.0,247500.0,24844.5,0.6117821282516563,0.6058362647264226,0
350581.5,333000.0,34150.5,0.6519863876654277,0.5352762504724826,0
450000.0,450000.0,22018.5,0.3550204843351432,0.3910549766342248,0
719860.5,679500.0,48429.0,0.1680733610395089,0.7380196196295241,0
495000.0,495000.0,14472.0,0.7756987389509425,0.5352762504724826,0
180000.0,180000.0,9000.0,0.5858267954783446,0.7636399214572418,0
599778.0,477000.0,30753.0,0.4359609728452216,0.8193176922872417,0
755190.0,675000.0,36459.0,0.5541460642214799,0.375711009574066,0
513531.0,459000.0,24835.5,0.6022101209466045,0.5937175866150576,1
584766.0,472500.0,29988.0,0.2947006814921782,0.5316861425197883,0
1024740.0,900000.0,49428.0,0.6063671948926154,0.5585066276769286,0
1350000.0,1350000.0,39474.0,0.6475424901957,0.363945238612397,0
1035000.0,1035000.0,33516.0,0.5657626606501691,0.1176137317080569,0
152820.0,135000.0,18265.5,0.52992466492936,0.6817058776720116,0
1029658.5,922500.0,34159.5,0.7887229967569216,0.7636399214572418,0
313438.5,283500.0,16051.5,0.2833110738117271,0.746300213050371,0
50940.0,45000.0,5089.5,0.7322244946991993,0.5549467685334323,0
508495.5,454500.0,24592.5,0.5930238015189391,0.7136313997323308,0
1024740.0,900000.0,52452.0,0.4464574472382398,0.5352762504724826,0
404325.0,337500.0,20772.0,0.4566274782379451,0.6195277080511546,0
604413.0,459000.0,21838.5,0.5293690020951112,0.5352762504724826,0
158301.0,148500.0,15552.0,0.2200375454564148,0.5460231970049609,0
481855.5,463500.0,45049.5,0.5481088790794699,0.6212263380626669,0
191880.0,180000.0,18819.0,0.2909602976891985,0.2881295999178507,0
616500.0,616500.0,37845.0,0.3338234497557424,0.6801388218428291,0
900000.0,900000.0,45000.0,0.6467535321442783,0.5352762504724826,0
1079883.0,967500.0,35820.0,0.6454835308741504,0.6058362647264226,0
927252.0,774000.0,25627.5,0.3286789964215449,0.5262949398096192,0
450000.0,450000.0,22500.0,0.5975019456870035,0.5352762504724826,0
900000.0,900000.0,23742.0,0.7013327439948316,0.221335206354466,0
152820.0,135000.0,10341.0,0.6344194482115583,0.3185955240537633,0
675000.0,675000.0,29731.5,0.7300364651870721,0.4632753280912678,0
1800000.0,1800000.0,47614.5,0.451396602667776,0.5298898341969072,0
414000.0,414000.0,15736.5,0.5971916251861037,0.6161216908872079,0
1113840.0,900000.0,51745.5,0.3658275273222262,0.5352762504724826,0
1035832.5,904500.0,30415.5,0.6433940811499429,0.1075321758024709,1
180000.0,180000.0,20488.5,0.6431532165650278,0.5352762504724826,0
755190.0,675000.0,33394.5,0.1423494962099309,0.4311917977993083,0
531265.5,373500.0,25969.5,0.4701934839037656,0.5567274263630174,0
485640.0,450000.0,37710.0,0.2691914498660669,0.4206109640437848,0
900000.0,900000.0,29875.5,0.7130951688881539,0.7380196196295241,0
254700.0,225000.0,13315.5,0.3588351050101027,0.5352762504724826,0
472500.0,454500.0,46161.0,0.7816977095264108,0.5352762504724826,0
540000.0,540000.0,27000.0,0.7101108310599349,0.7700870700124128,0
94500.0,94500.0,10053.0,0.5243594708067393,0.6006575372857061,0
292500.0,292500.0,14625.0,0.7239517827439408,0.5638350489514956,0
468648.0,414000.0,31446.0,0.4918459982784082,0.6848276586890367,0
270000.0,270000.0,15075.0,0.7015205104206892,0.7421816117614419,0
1762110.0,1575000.0,48586.5,0.757689199672516,0.3376727217405312,0
755190.0,675000.0,36459.0,0.5273146075143423,0.5954562029091491,0
509922.0,472500.0,27297.0,0.5853491917200715,0.7490217048463391,0
752742.0,697500.0,40234.5,0.5715287297838298,0.816092360478441,0
841500.0,841500.0,46989.0,0.4542845278274534,0.3154721549257734,0
157500.0,157500.0,7875.0,0.6355395815931324,0.5744466170995097,0
473760.0,450000.0,53451.0,0.7058203375802659,0.6380435278721609,0
225000.0,225000.0,17905.5,0.5990418679244583,0.5495965024956946,0
957033.0,904500.0,53437.5,0.2745983378760089,0.5172965813614878,0
1350000.0,1350000.0,51421.5,0.6092446218696581,0.1664055461839363,1
270000.0,270000.0,13500.0,0.5452095684567538,0.8224987619370829,0
343800.0,225000.0,16155.0,0.2453495532540649,0.2970866116472028,1
1006920.0,900000.0,39933.0,0.6753932976847402,0.6263042766749393,0
274500.0,274500.0,9859.5,0.588853132590562,0.5352762504724826,0
454500.0,454500.0,20668.5,0.2554539152194125,0.475849908720221,0
265536.0,180000.0,12771.0,0.1500705265415765,0.3622772470384314,0
130320.0,112500.0,13482.0,0.6502079715479762,0.6512602186973006,0
130824.0,103500.0,10462.5,0.497164595115361,0.0646719558983517,0
582804.0,463500.0,31747.5,0.6643928043197165,0.3859146722745145,0
218016.0,180000.0,14697.0,0.6143498554126762,0.5726825047161584,0
564124.5,481500.0,36180.0,0.5229958126726431,0.5531646987710016,0
1048500.0,1048500.0,41710.5,0.6944865491058924,0.2353105173615833,0
341280.0,270000.0,27094.5,0.4255750290991497,0.2707073872651806,0
706221.0,589500.0,22909.5,0.2665197753925157,0.5316861425197883,0
414000.0,414000.0,32166.0,0.4827060603039112,0.5352762504724826,0
270000.0,270000.0,11569.5,0.0912060628009733,0.2692857999073816,0
450000.0,450000.0,21109.5,0.4852837853046366,0.056092078848294,0
882000.0,882000.0,28579.5,0.0657176708492973,0.2837118826350007,0
180000.0,180000.0,17802.0,0.3404302443632832,0.4507472818545589,0
270000.0,270000.0,13500.0,0.6711940391762867,0.5937175866150576,0
808650.0,675000.0,26217.0,0.5234758604846631,0.3807996826489149,0
180000.0,180000.0,9000.0,0.3259057813438275,0.178760465484575,0
1078200.0,900000.0,34911.0,0.5532382168921973,0.6413682574954046,1
526491.0,454500.0,18909.0,0.572556582122635,0.5971924268337128,0
820638.0,733500.0,32674.5,0.6809011195083232,0.5352762504724826,1
776304.0,648000.0,25042.5,0.5779050004908134,0.5352762504724826,0
437818.5,396000.0,34722.0,0.3960190023212128,0.6512602186973006,0
172512.0,144000.0,15952.5,0.4699538022123402,0.5352762504724826,0
640080.0,450000.0,31261.5,0.5866118371684984,0.5136937663039473,1
1288350.0,1125000.0,37800.0,0.4241429916117221,0.5797274227921155,0
225000.0,225000.0,11250.0,0.6674285242557897,0.520897599048938,0
180000.0,450000.0,9000.0,0.5649673880927272,0.5352762504724826,0
161730.0,135000.0,11632.5,0.3186699418715588,0.5656079814115492,0
611095.5,486000.0,33151.5,0.0927989746973368,0.2866524828090694,0
152613.0,126000.0,9751.5,0.1460381765862298,0.5352762504724826,0
630000.0,630000.0,18184.5,0.5882865299085617,0.524496446363472,0
100737.0,76500.0,7461.0,0.6282406221398813,0.1245194708919845,0
325908.0,247500.0,17811.0,0.7423927459332015,0.0005272652387098,0
634482.0,454500.0,20596.5,0.5122398169761546,0.5352762504724826,0
67500.0,67500.0,4797.0,0.1542283386342156,0.3062022983135042,0
157914.0,139500.0,17136.0,0.6324544460614582,0.5352762504724826,0
1006920.0,900000.0,40063.5,0.4112352264388457,0.6058362647264226,0
1092190.5,927000.0,46404.0,0.2608434828374008,0.3927738606031339,0
521280.0,450000.0,25209.0,0.1047968129719725,0.4223696523543468,0
933003.0,778801.5,24610.5,0.4288766340776013,0.6075573001388961,0
675000.0,675000.0,26284.5,0.344191494398425,0.3672910183026313,0
373140.0,337500.0,39721.5,0.4558788220763823,0.3425288720742255,0
254700.0,225000.0,14350.5,0.6446023243115201,0.7850520263728172,0
168102.0,148500.0,9778.5,0.6216030476621605,0.5989262182569273,0
1800000.0,1800000.0,62568.0,0.6730782410313395,0.5744466170995097,0
528633.0,472500.0,41040.0,0.4691803791101843,0.3046721837533529,0
790434.0,706500.0,31059.0,0.4205098987817534,0.5352762504724826,0
1288350.0,1125000.0,37800.0,0.3884759709443692,0.5352762504724826,0
900000.0,900000.0,23742.0,0.3680982210263875,0.5352762504724826,0
508495.5,454500.0,26091.0,0.2805089254973809,0.4471785780453068,0
450000.0,450000.0,42075.0,0.3060829948219872,0.7557400501752248,0
450000.0,450000.0,43839.0,0.8133415671394207,0.8425892767430772,0
265500.0,265500.0,12505.5,0.5525679109368791,0.5352762504724826,0
163008.0,144000.0,16249.5,0.7852072493710601,0.5726825047161584,0
1006920.0,900000.0,51543.0,0.4209469161123929,0.4543210601605785,0
585000.0,585000.0,18868.5,0.2205483698110515,0.5352762504724826,0
728460.0,675000.0,41949.0,0.7410522112749749,0.6178261467332483,0
118512.0,90000.0,9490.5,0.7133679991033435,0.4848514754962666,0
661702.5,598500.0,48280.5,0.5501716444958964,0.3490552510751822,1
207000.0,207000.0,16483.5,0.6785255679354211,0.6754132910917112,0
177903.0,148500.0,15268.5,0.6654549214451941,0.7062051096536562,0
1483231.5,1354500.0,51687.0,0.7507210697383168,0.5352762504724826,0
1125000.0,1125000.0,33025.5,0.3483495445910488,0.5919766183185521,1
1125000.0,1125000.0,32895.0,0.6672391952607009,0.2896112383820055,0
157500.0,157500.0,7875.0,0.2509839188578594,0.3344541255096772,0
933174.0,933174.0,24615.0,0.0543243800023791,0.2764406945454034,0
1506816.0,1350000.0,45814.5,0.3856692576736604,0.746300213050371,0
675000.0,675000.0,17937.0,0.6032887425674844,0.6738300778602003,0
225000.0,225000.0,13896.0,0.5933984616217352,0.3979463219016906,0
1096924.5,940500.0,45400.5,0.5208678288144629,0.1624419982223248,1
990000.0,990000.0,28944.0,0.7084921247576248,0.4614823912998385,0
337500.0,337500.0,16875.0,0.7507251619921793,0.5849900404894085,0
1762110.0,1575000.0,65430.0,0.6914810607686772,0.4418358231994413,0
521280.0,450000.0,27423.0,0.3763042155887788,0.0668879339672135,1
270000.0,270000.0,13500.0,0.4397070945663413,0.1595195404777181,0
545040.0,450000.0,26640.0,0.4579136693160306,0.0839170036575357,0
54000.0,54000.0,5661.0,0.1748827186841979,0.5867400085415683,0
284400.0,225000.0,16011.0,0.162144567666238,0.5172965813614878,0
1354500.0,1354500.0,44766.0,0.3985218608000759,0.3506958432829587,1
1336500.0,1336500.0,39208.5,0.5472583828747354,0.5352762504724826,0
675000.0,675000.0,21906.0,0.2962028246127759,0.5352762504724826,0
641173.5,553500.0,32868.0,0.6163684480400186,0.5334816299804352,0
318411.0,288000.0,19476.0,0.6305156006369708,0.5352762504724826,0
1128595.5,985500.0,31162.5,0.6771072545926382,0.3807996826489149,0
634482.0,454500.0,18679.5,0.582006839288284,0.5352762504724826,0
545040.0,450000.0,39627.0,0.33611784361323,0.1342654235549427,0
225000.0,225000.0,14895.0,0.3601593633369684,0.6212263380626669,0
675000.0,675000.0,19737.0,0.7104618235142929,0.4740512892789932,0
378117.0,342000.0,25398.0,0.7257181744768672,0.2764406945454034,0
1350000.0,1350000.0,37125.0,0.6718886101370416,0.8193176922872417,0
668304.0,540000.0,32278.5,0.7078187340780023,0.5352762504724826,0
225000.0,225000.0,8082.0,0.6196568469928871,0.5316861425197883,0
90000.0,90000.0,4504.5,0.4990998467338024,0.1519345490496476,0
1325475.0,1125000.0,56160.0,0.3099749009362197,0.11911906455945,0
450000.0,450000.0,21109.5,0.4384737545093956,0.5352762504724826,1
511249.5,382500.0,20952.0,0.1108430966091476,0.4066174366275036,0
450000.0,450000.0,22500.0,0.6324188626125605,0.3123653692278984,0
270000.0,270000.0,20317.5,0.472258572524849,0.4794489811780563,0
573628.5,463500.0,22878.0,0.641037542490526,0.5406544504453575,0
1006920.0,900000.0,40063.5,0.4629551367776473,0.4668640059537032,0
1113840.0,900000.0,44302.5,0.3065337053983245,0.475849908720221,0
1303812.0,1138500.0,34524.0,0.6803877628036095,0.4686596550493113,0
327024.0,270000.0,17059.5,0.3818424418952967,0.5352762504724826,0
675000.0,675000.0,34596.0,0.5853651144354978,0.520897599048938,0
787131.0,679500.0,44082.0,0.4618190218850197,0.8337869986815019,0
1125000.0,1125000.0,36292.5,0.6311623541069148,0.5352762504724826,0
156384.0,135000.0,16024.5,0.7591995646087775,0.5602843280409464,0
396000.0,396000.0,24057.0,0.1572704312699988,0.7789040389824382,0
584766.0,472500.0,24903.0,0.5784436594758021,0.6144143775673561,0
545040.0,450000.0,35617.5,0.3107518623972513,0.6279908192952864,0
135000.0,135000.0,6750.0,0.6133287053354435,0.2678689358444539,0
545040.0,450000.0,16654.5,0.7071625448418268,0.5797274227921155,0
900000.0,900000.0,26446.5,0.5411671412692226,0.6479768603302221,0
738931.5,697500.0,55377.0,0.7329656002832635,0.445396241560834,0
1131741.0,1084500.0,76068.0,0.5666703618145852,0.1819591097862785,0
271066.5,234000.0,12069.0,0.4792068780075268,0.5352762504724826,0
543735.0,486000.0,20277.0,0.6557329264173517,0.5849900404894085,0
608076.0,427500.0,23053.5,0.4241964031302738,0.2103502286944494,0
397017.0,301500.0,20268.0,0.7104258358775202,0.3723336657058204,0
450000.0,450000.0,22018.5,0.6501980244632433,0.2103502286944494,0
497520.0,450000.0,33246.0,0.6945236658741649,0.1766525794312139,0
900000.0,900000.0,45000.0,0.194304104275425,0.7238369900414456,0
723996.0,585000.0,37093.5,0.3230729622216634,0.6832688314232291,0
142200.0,112500.0,4311.0,0.6630310598731978,0.6690566947824041,0
1046142.0,913500.0,33876.0,0.4106846997376142,0.3016248916841194,0
284400.0,225000.0,13833.0,0.2450621984483189,0.5352762504724826,1
1886850.0,1575000.0,52015.5,0.6302098845596436,0.5352762504724826,0
225000.0,225000.0,21919.5,0.3818527651440742,0.5352762504724826,0
109453.5,99000.0,11916.0,0.3448878088481325,0.5352762504724826,0
294322.5,243000.0,17023.5,0.6614609680457711,0.5352762504724826,0
225000.0,225000.0,17905.5,0.7256267568153384,0.646329897706246,0
306000.0,306000.0,9607.5,0.3947748284214449,0.5352762504724826,0
879480.0,630000.0,34209.0,0.3900459859397344,0.3296550543128238,0
291384.0,270000.0,20407.5,0.5659614260608526,0.5352762504724826,0
180000.0,180000.0,9000.0,0.3162487081384689,0.2608559142068693,0
654498.0,585000.0,31617.0,0.3401111608005427,0.3622772470384314,0
269550.0,225000.0,19170.0,0.5855137178420352,0.7557400501752248,0
364896.0,315000.0,16069.5,0.2994863839253798,0.7688075728291359,0
225000.0,225000.0,11488.5,0.2656912806736481,0.4118485559242397,0
592560.0,450000.0,32274.0,0.64248544304668,0.5352762504724826,0
545040.0,450000.0,36553.5,0.1702369443956244,0.4276573700350293,0
545040.0,450000.0,26509.5,0.6480613658116009,0.3001077565791181,0
1125000.0,1125000.0,44613.0,0.6947787752576072,0.6413682574954046,0
623749.5,504000.0,23886.0,0.5256900511211183,0.5352762504724826,0
755190.0,675000.0,36459.0,0.3561830211324983,0.7076993447402619,0
1350000.0,1350000.0,44748.0,0.6553378951590133,0.8117227926101218,0
278613.0,252000.0,29398.5,0.0220237928269925,0.6956219298394389,0
254700.0,225000.0,14751.0,0.5230940077559416,0.5478104658520093,0
312768.0,270000.0,21285.0,0.6584773432163363,0.1008037063175332,1
1314117.0,1147500.0,38551.5,0.5653220782247798,0.656158373001177,0
283419.0,234000.0,13914.0,0.5715394397766999,0.5028782772082183,0
640080.0,450000.0,31261.5,0.5344487977656419,0.4866531565147181,0
247500.0,247500.0,16668.0,0.7110282790865325,0.5352762504724826,0
1406362.5,1260000.0,46606.5,0.5614491922907601,0.5100895276257282,0
1164667.5,1017000.0,34182.0,0.7246940877085434,0.6658549219640212,0
101880.0,90000.0,11650.5,0.6806825211325214,0.2793353208976285,0
254700.0,225000.0,16713.0,0.6745201472412375,0.4241303111942548,0
927252.0,774000.0,26703.0,0.7202702115531086,0.3556387169923543,0
543037.5,463500.0,30451.5,0.3736084870609833,0.4561097392782771,0
202500.0,202500.0,10125.0,0.5562899483572256,0.5352762504724826,0
765522.0,639000.0,29794.5,0.7607671728417613,0.4311917977993083,0
45000.0,45000.0,4855.5,0.7165143483054159,0.4686596550493113,0
337500.0,337500.0,16875.0,0.7654514517018842,0.7180328113294772,0
450000.0,450000.0,17095.5,0.6000394101169938,0.05384435347241,0
1046142.0,913500.0,30717.0,0.7544345346167506,0.6279908192952864,0
191880.0,180000.0,19107.0,0.7019507431792996,0.5352762504724826,0
225000.0,225000.0,12915.0,0.5609645447174367,0.5762088360175724,0
135000.0,135000.0,6750.0,0.1741329883305577,0.5352762504724826,0
2013840.0,1800000.0,53253.0,0.2024049814225839,0.3979463219016906,0
621000.0,621000.0,20160.0,0.6145415330957701,0.5656079814115492,1
225000.0,225000.0,11250.0,0.5669441958993742,0.8347841592331774,0
1006920.0,900000.0,42790.5,0.6237147176588439,0.7136313997323308,0
545040.0,450000.0,36553.5,0.7427229920676243,0.248535557339522,0
545040.0,450000.0,26640.0,0.2665197753925157,0.6496203111237195,0
161730.0,135000.0,12829.5,0.1924995428598265,0.5316861425197883,0
454500.0,454500.0,19386.0,0.5256028109225759,0.7180328113294772,0
916470.0,765000.0,29695.5,0.6535724567257833,0.6971469077844458,0
906615.0,688500.0,30091.5,0.6806872741164489,0.1745642655572634,0
284400.0,225000.0,13963.5,0.6975447759000913,0.4740512892789932,1
1006920.0,900000.0,45499.5,0.6856664770307193,0.2103502286944494,0
941193.0,760500.0,41589.0,0.6366531899797957,0.1437580534911652,0
2013840.0,1800000.0,53253.0,0.6411683617776793,0.511891801533151,0
253737.0,229500.0,16956.0,0.6125505105140392,0.5656079814115492,0
286704.0,247500.0,23116.5,0.1724975081477771,0.5352762504724826,0
427500.0,427500.0,21375.0,0.7235714186107239,0.8193176922872417,0
270000.0,270000.0,13500.0,0.5579409880176804,0.2238313174701554,0
234000.0,234000.0,15363.0,0.0887619377448496,0.4014074137749511,0
814041.0,679500.0,23931.0,0.7823314212857059,0.5082869913916046,0
640080.0,450000.0,29970.0,0.2667891761519581,0.1634256947313434,0
135000.0,135000.0,6750.0,0.5527138810121646,0.5352762504724826,0
284400.0,225000.0,19134.0,0.7085734121048038,0.3774042489507649,0
225000.0,225000.0,11250.0,0.6633290211668562,0.5406544504453575,0
814041.0,679500.0,23931.0,0.5444015422959844,0.5082869913916046,0
497520.0,450000.0,32521.5,0.5600433946271279,0.5424451438613613,0
463500.0,463500.0,18508.5,0.6166579700451205,0.5352762504724826,0
135000.0,135000.0,6750.0,0.6307753770016169,0.5352762504724826,0
830214.0,693000.0,26910.0,0.2847652410838232,0.5352762504724826,0
495351.0,459000.0,27787.5,0.6072385096655553,0.5762088360175724,0
450000.0,450000.0,22990.5,0.350955173595621,0.5709165417729987,0
675000.0,675000.0,26284.5,0.7112438985690158,0.5352762504724826,0
180000.0,180000.0,9000.0,0.4007884343440685,0.3392876999089139,1
117000.0,117000.0,11569.5,0.7603609858824409,0.5046813193144684,0
781920.0,675000.0,25969.5,0.0782700541435194,0.6674577419214722,0
724905.0,598500.0,26167.5,0.629766410727119,0.4992720153045617,0
781920.0,675000.0,32998.5,0.6275202129498428,0.5352762504724826,0
170640.0,135000.0,13612.5,0.5918305028241804,0.5262949398096192,0
1546020.0,1350000.0,50004.0,0.651822631716,0.5064842396679806,0
1288350.0,1125000.0,37669.5,0.3861874923412399,0.7252764347002191,0
1072809.0,895500.0,31495.5,0.0767952443788241,0.5726825047161584,0
284031.0,229500.0,13792.5,0.5922899990166646,0.5954562029091491,0
270000.0,270000.0,13500.0,0.2462941592791404,0.5902333386185574,0
1928304.0,1800000.0,73449.0,0.4731579225573793,0.3409064264152384,0
1071355.5,985500.0,45391.5,0.6309943452684706,0.8327850252992314,0
156384.0,135000.0,12231.0,0.6921198154132794,0.3825018041447388,0
301464.0,238500.0,19395.0,0.5812459085926606,0.2498850627504553,0
270000.0,270000.0,13914.0,0.5362275410067557,0.5352762504724826,0
526491.0,454500.0,25456.5,0.5660366290656671,0.5046813193144684,0
906615.0,688500.0,30091.5,0.5044955505667029,0.6058362647264226,0
630000.0,630000.0,30438.0,0.1707007858577975,0.0720131886405828,0
450000.0,450000.0,44509.5,0.6054899794106842,0.7738956942145427,0
454500.0,454500.0,13828.5,0.6466386169933257,0.2608559142068693,0
1024740.0,900000.0,52321.5,0.6890030752820188,0.4258928980051529,0
345289.5,279000.0,18729.0,0.381450237576431,0.5832379256761245,0
319500.0,319500.0,22851.0,0.7686359981061945,0.5352762504724826,0
207000.0,207000.0,19854.0,0.6399952725334246,0.6706517530862718,0
413235.0,337500.0,32778.0,0.6006480288407193,0.2881295999178507,0
900000.0,900000.0,32017.5,0.4709398530837381,0.2115507642052577,0
72000.0,72000.0,5139.0,0.5548645208856446,0.7295666907060153,0
679266.0,567000.0,19597.5,0.3467974334717441,0.5352762504724826,0
514602.0,495000.0,48991.5,0.6863212245006346,0.470456116119975,0
337923.0,279000.0,22711.5,0.5136056270687567,0.1473459180275725,0
640080.0,450000.0,19534.5,0.4690115527783966,0.1455428133497032,0
810000.0,810000.0,40500.0,0.6363243211670273,0.5937175866150576,0
269550.0,225000.0,18891.0,0.3762272341014071,0.3062022983135042,0
314100.0,225000.0,12420.0,0.5305238259956022,0.8193176922872417,0
113760.0,90000.0,6480.0,0.4030171700050013,0.7380196196295241,0
664299.0,567000.0,40770.0,0.5446835647799196,0.0005272652387098,0
967500.0,967500.0,28417.5,0.4049389914208721,0.2910973802776635,0
640080.0,450000.0,31261.5,0.4246825291773548,0.5352762504724826,0
45000.0,45000.0,4207.5,0.3556716960346203,0.3046721837533529,0
922500.0,922500.0,29758.5,0.1953537989258013,0.5442347412142162,1
942300.0,675000.0,27679.5,0.5401678872994568,0.7662336700704004,0
1359000.0,1359000.0,55350.0,0.7404811117153342,0.2525986978339766,0
685012.5,553500.0,29151.0,0.6907948662397052,0.6058362647264226,0
152820.0,135000.0,7911.0,0.7003699513891332,0.5352762504724826,0
486000.0,486000.0,24903.0,0.7063059413671156,0.3910549766342248,0
675000.0,675000.0,24376.5,0.344191494398425,0.4223696523543468,0
497520.0,450000.0,59044.5,0.5551993623690471,0.524496446363472,0
382500.0,382500.0,19125.0,0.7594713057937189,0.5352762504724826,0
450000.0,450000.0,20979.0,0.5490998669171783,0.6940926425266661,0
326439.0,229500.0,11853.0,0.0951824309322108,0.7981372313187245,0
1249740.0,1125000.0,69912.0,0.7059429172828101,0.5849900404894085,0
724500.0,724500.0,24075.0,0.5367876292375746,0.6674577419214722,0
450000.0,450000.0,27324.0,0.4403914087403766,0.7503751495159068,0
1631605.5,1408500.0,56713.5,0.7789086602041834,0.3556387169923543,0
531265.5,373500.0,20155.5,0.7651568729263996,0.5352762504724826,0
497520.0,450000.0,25402.5,0.358664064592398,0.7544061731797895,0
755190.0,675000.0,31995.0,0.7552843038748253,0.5352762504724826,0
124722.0,117000.0,14931.0,0.0597888112879081,0.5352762504724826,0
1417185.0,1237500.0,41566.5,0.6333587965919695,0.2188590822283744,0
1058148.0,855000.0,47947.5,0.4968912600005247,0.4650692149562261,1
863226.0,697500.0,44203.5,0.7159854791708157,0.5478104658520093,0
202500.0,202500.0,6268.5,0.6315746045393155,0.5902333386185574,0
1082214.0,945000.0,31770.0,0.6316916283069463,0.4938628816996244,0
272578.5,207000.0,19962.0,0.1060942355476159,0.722392890081304,0
675000.0,675000.0,33750.0,0.6292002813858718,0.7597121819739279,0
379237.5,288000.0,20700.0,0.383531704423905,0.445396241560834,0
314100.0,225000.0,17167.5,0.6755323136504655,0.5352762504724826,0
781920.0,675000.0,26856.0,0.1763135752268863,0.1997705696341145,0
508495.5,454500.0,23562.0,0.395360153255544,0.7675231046555077,0
1687266.0,1575000.0,64395.0,0.5091360491184587,0.6058362647264226,0
262246.5,243000.0,27666.0,0.6857324563355311,0.7700870700124128,0
180000.0,180000.0,9000.0,0.5411182723506208,0.5352762504724826,0
1125000.0,1125000.0,33025.5,0.5090977935724867,0.6910212267577837,0
247675.5,229500.0,19296.0,0.1576737080460761,0.5352762504724826,0
450000.0,450000.0,24412.5,0.073086383025782,0.1047946227497676,0
778500.0,778500.0,41607.0,0.4744718301372241,0.7862666146611379,0
66222.0,58500.0,7258.5,0.255557907949948,0.2707073872651806,1
537322.5,486000.0,42583.5,0.5433057248402577,0.5779691187553125,0
1061599.5,927000.0,31171.5,0.7469413506538222,0.6925590674998008,0
1078200.0,900000.0,38331.0,0.5453668077530249,0.2925880073368475,0
943425.0,787500.0,26073.0,0.1786021670607613,0.3001077565791181,0
119925.0,112500.0,12852.0,0.6894620915371751,0.2837118826350007,0
582768.0,540000.0,45099.0,0.706183450009815,0.2636468134452008,0
450000.0,450000.0,22018.5,0.5431103863150705,0.1221797440301585,0
675000.0,675000.0,32602.5,0.2878797370182123,0.5919766183185521,0
1687266.0,1575000.0,62527.5,0.2760337482586111,0.6058362647264226,0
66222.0,58500.0,7155.0,0.2618524040528204,0.2866524828090694,0
765261.0,684000.0,30478.5,0.7678417293338294,0.746300213050371,0
545040.0,450000.0,20677.5,0.4893758378384913,0.5638350489514956,0
545040.0,450000.0,39627.0,0.5486450351309486,0.2608559142068693,0
675000.0,675000.0,49248.0,0.6151732994347039,0.2822484337007223,0
239850.0,225000.0,23719.5,0.7432616595730923,0.5352762504724826,0
1961217.0,1791000.0,68301.0,0.2476158263458814,0.1684161714286957,0
180000.0,180000.0,9000.0,0.1611045218004874,0.2263473957097693,1
270000.0,270000.0,14647.5,0.5084037106083088,0.5352762504724826,0
212656.5,193500.0,13878.0,0.30055640747795,0.7958031328748403,0
558706.5,495000.0,39015.0,0.6214898833165752,0.5352762504724826,0
518562.0,463500.0,25078.5,0.4663058800852539,0.4525335592581747,0
630000.0,630000.0,34308.0,0.3310766593440502,0.1168672659157136,0
699808.5,625500.0,27882.0,0.7022023095689205,0.5352762504724826,0
254700.0,225000.0,13068.0,0.46726380735112,0.5100895276257282,0
485901.0,369000.0,23503.5,0.4750989242125825,0.5406544504453575,0
225000.0,225000.0,24363.0,0.6874452794611469,0.746300213050371,0
254700.0,225000.0,25321.5,0.602519148522533,0.7136313997323308,0
656811.0,567000.0,35122.5,0.5659614260608526,0.8004513396487078,0
1078200.0,900000.0,38331.0,0.6852893085879229,0.3893387918468769,0
835380.0,675000.0,35523.0,0.6017228442608689,0.5531646987710016,0
337500.0,337500.0,31360.5,0.6145259929847031,0.6986675550534175,0
994500.0,994500.0,29209.5,0.7190039710480497,0.7062051096536562,0
544491.0,454500.0,17694.0,0.4276611906498015,0.1929422277169508,0
1078200.0,900000.0,31653.0,0.6384470590629807,0.6144143775673561,0
545040.0,450000.0,26640.0,0.5898480874381371,0.5352762504724826,0
751500.0,751500.0,26622.0,0.6868341411492649,0.1556893746835917,1
436032.0,360000.0,16434.0,0.1676518308876591,0.5352762504724826,0
755190.0,675000.0,36459.0,0.5350091713738154,0.4118485559242397,0
755190.0,675000.0,38686.5,0.5921368515076562,0.7862666146611379,0
143910.0,135000.0,15628.5,0.6538100740621451,0.5352762504724826,0
808650.0,675000.0,26217.0,0.6573503001895107,0.5352762504724826,0
781920.0,675000.0,43789.5,0.5857843483310484,0.8463780633178121,0
1386684.0,1354500.0,129784.5,0.7144577662703506,0.4561097392782771,0
521280.0,450000.0,27292.5,0.0796135674465051,0.6986675550534175,0
248760.0,225000.0,24232.5,0.4919170491843068,0.6075573001388961,0
1024740.0,900000.0,52452.0,0.4992857206973942,0.5352762504724826,1
225000.0,225000.0,18171.0,0.6141529603296451,0.7324033228040929,0
405000.0,405000.0,20677.5,0.3096101923854029,0.0828147042440649,0
269550.0,225000.0,20281.5,0.5611045660031938,0.3016248916841194,0
339241.5,238500.0,16627.5,0.3269587585277412,0.2636468134452008,0
1546020.0,1350000.0,42642.0,0.410478309803488,0.5352762504724826,0
450000.0,450000.0,28759.5,0.5479193021733637,0.2925880073368475,0
405000.0,405000.0,29601.0,0.333094393297254,0.4812493411434029,0
203760.0,180000.0,24178.5,0.0274196058722022,0.2970866116472028,1
343800.0,225000.0,16155.0,0.3789921856879361,0.2079641743053816,0
225000.0,225000.0,11250.0,0.6955063388320168,0.3046721837533529,0
302206.5,229500.0,15952.5,0.5028282383919472,0.0780157665225257,0
427869.0,387000.0,42448.5,0.5295160964573024,0.6754132910917112,0
143910.0,135000.0,14364.0,0.6907528269485467,0.6769925032909132,0
161730.0,135000.0,10741.5,0.6091925614322435,0.5352762504724826,0
667678.5,531000.0,34218.0,0.4451392008287937,0.5352762504724826,0
180000.0,180000.0,9000.0,0.3621623711206497,0.3328505641648731,0
675000.0,675000.0,33750.0,0.6505610083327016,0.3656165070113335,0
450000.0,450000.0,23107.5,0.279635904188991,0.5334816299804352,0
582804.0,463500.0,28165.5,0.5755562200845902,0.164414178829907,1
127350.0,112500.0,12726.0,0.69797366233539,0.5424451438613613,0
900000.0,900000.0,35694.0,0.6781629445635232,0.7047064232963289,0
652500.0,652500.0,33786.0,0.5782250183601522,0.5814837058057234,0
490495.5,454500.0,47911.5,0.5386738372954221,0.2263473957097693,0
432661.5,373500.0,39811.5,0.3479773381499406,0.2793353208976285,0
513000.0,513000.0,26320.5,0.3508057545735787,0.5691487713619409,0
270000.0,270000.0,13500.0,0.6713436282330717,0.6212263380626669,0
284400.0,225000.0,22599.0,0.7170470585694896,0.5352762504724826,0
47970.0,45000.0,5296.5,0.251596941063024,0.4170996682522097,0
112500.0,112500.0,5742.0,0.6002440664915258,0.4632753280912678,0
450000.0,450000.0,22500.0,0.6494914478321907,0.6986675550534175,0
808650.0,675000.0,26217.0,0.7109473971455655,0.6313545365850379,0
207396.0,157500.0,16515.0,0.7020468102316382,0.5352762504724826,0
750645.0,648000.0,30136.5,0.6921664110816699,0.1385128770585923,0
855000.0,855000.0,42750.0,0.6377855423276649,0.4614823912998385,0
754740.0,630000.0,22198.5,0.4681511941025465,0.3312508645909018,0
183784.5,148500.0,13869.0,0.6953071667837799,0.6023863442690867,0
270000.0,270000.0,13500.0,0.6597155165954101,0.2055981385493208,0
675000.0,675000.0,26770.5,0.2526194750267265,0.3217352821966848,0
562491.0,454500.0,27058.5,0.4828316495685313,0.7121551551910698,0
1104997.5,990000.0,36648.0,0.1739443814699693,0.4740512892789932,1
540000.0,540000.0,34641.0,0.1633304224009078,0.6041125998015721,0
495000.0,495000.0,20808.0,0.0702696937083599,0.7675231046555077,0
699808.5,625500.0,33664.5,0.6490233528330126,0.6940926425266661,1
797557.5,688500.0,26487.0,0.2505032490661176,0.1745642655572634,0
197820.0,180000.0,15858.0,0.2866797978936416,0.5814837058057234,0
1035832.5,904500.0,30285.0,0.6718259366399988,0.6479768603302221,0
654498.0,585000.0,28957.5,0.6627622951165543,0.5352762504724826,0
450000.0,450000.0,22018.5,0.5437072121400618,0.2188590822283744,1
270000.0,270000.0,13500.0,0.7392479513936095,0.6178261467332483,0
254700.0,225000.0,23814.0,0.1311588522579331,0.7281412993111438,0
269550.0,225000.0,14242.5,0.5596123047845445,0.7675231046555077,0
326439.0,229500.0,16006.5,0.5913602773458688,0.3740208032583212,0
225000.0,225000.0,26703.0,0.3123559544903636,0.2622489709189549,1
568800.0,450000.0,15133.5,0.2725254691994793,0.3556387169923543,0
1312110.0,1125000.0,52168.5,0.7247289891964842,0.7862666146611379,1
571396.5,427500.0,27616.5,0.3017161363705472,0.2764406945454034,0
1436850.0,1125000.0,42142.5,0.6776759282780646,0.4974688893052743,1
157500.0,157500.0,18688.5,0.4038539847381883,0.0828147042440649,0
755190.0,675000.0,56592.0,0.524403101978491,0.3441550073724169,0
678996.0,540000.0,30037.5,0.6008945360112614,0.1146524943029705,0
364428.0,238500.0,10152.0,0.5108410381821373,0.5352762504724826,0
269550.0,225000.0,16416.0,0.7509910622288779,0.7517237147741489,0
1125000.0,1125000.0,33025.5,0.0761220080946125,0.5334816299804352,0
398016.0,360000.0,26725.5,0.6201720920457523,0.6363761710860439,0
152820.0,135000.0,15241.5,0.5892713143370044,0.7324033228040929,0
276903.0,247500.0,21559.5,0.5369126848566554,0.5762088360175724,0
152820.0,135000.0,17410.5,0.2235020962535592,0.4992720153045617,0
1113840.0,900000.0,47191.5,0.7326658880769141,0.7407990879702335,0
67765.5,58500.0,7245.0,0.7424136557907081,0.5352762504724826,0
225000.0,225000.0,11250.0,0.6960293953085408,0.6380435278721609,0
1350000.0,1350000.0,90715.5,0.6725342720300659,0.1766525794312139,0
265851.0,229500.0,11839.5,0.6638611204861414,0.6971469077844458,0
900000.0,900000.0,46084.5,0.5035443725087928,0.7032033049040319,0
862560.0,720000.0,25348.5,0.6462737740628559,0.5352762504724826,0
270000.0,270000.0,13500.0,0.6805589303691969,0.5352762504724826,0
278460.0,225000.0,24030.0,0.7737446981558367,0.6347055309763198,0
976711.5,873000.0,49999.5,0.5648491432489063,0.5064842396679806,1
202500.0,202500.0,10125.0,0.2376353407743512,0.3108182544189319,0
640080.0,450000.0,31261.5,0.0003948316825743,0.1437580534911652,1
1078200.0,900000.0,34911.0,0.1299401444834768,0.5136937663039473,0
270000.0,270000.0,10309.5,0.1280166039817108,0.501075160239048,0
819792.0,720000.0,36238.5,0.6050511162804846,0.7981372313187245,0
180000.0,180000.0,9000.0,0.2144046066984384,0.3572932680336494,1
1574532.0,1350000.0,62572.5,0.3263334924055923,0.5352762504724826,0
161730.0,135000.0,12222.0,0.521348058205651,0.7252764347002191,0
270000.0,270000.0,13500.0,0.2341431920283723,0.5937175866150576,0
675000.0,675000.0,26901.0,0.3281677430341976,0.8016009030071296,0
508500.0,508500.0,16402.5,0.5854977967923253,0.1393757800997895,0
675000.0,675000.0,21906.0,0.5372606412243799,0.4276573700350293,0
130500.0,130500.0,5049.0,0.6247764876834561,0.5352762504724826,0
1575000.0,1575000.0,43443.0,0.5475834461238586,0.3312508645909018,0
450000.0,450000.0,21888.0,0.6774227182900853,0.3425288720742255,0
1350000.0,1350000.0,42520.5,0.699690346180778,0.5352762504724826,0
450000.0,450000.0,23107.5,0.6452883483990826,0.3092753558842053,0
1687266.0,1575000.0,69763.5,0.3833094073982524,0.6512602186973006,0
333337.5,301500.0,22405.5,0.0337566246809949,0.266456808245056,0
188685.0,157500.0,9760.5,0.5721069732570889,0.1075321758024709,0
247500.0,247500.0,12375.0,0.297110802356822,0.4884551844437485,0
932643.0,778500.0,27400.5,0.6572813402382002,0.5352762504724826,0
521280.0,450000.0,28278.0,0.3061294427043499,0.5352762504724826,0
664569.0,594000.0,26487.0,0.6503521895866597,0.5352762504724826,0
583834.5,504000.0,31801.5,0.7156785514635464,0.4048783643353997,0
888840.0,675000.0,28885.5,0.7210142026962015,0.7281412993111438,0
305640.0,270000.0,31446.0,0.7172023181923226,0.5388627065779676,0
1984500.0,1984500.0,52479.0,0.6420181745993799,0.746300213050371,0
284400.0,225000.0,16456.5,0.5595853586771128,0.7662336700704004,0
1042560.0,900000.0,34587.0,0.3650161922496445,0.7726311345553628,0
225000.0,225000.0,9661.5,0.6602209692173812,0.2458512138252296,0
450000.0,450000.0,29299.5,0.2127408050921305,0.2721336844147212,0
1442434.5,1377000.0,74817.0,0.6436198258595928,0.5352762504724826,0
343800.0,225000.0,13090.5,0.3453869970369919,0.7180328113294772,0
848070.0,607500.0,24925.5,0.7674087553035156,0.7862666146611379,0
450000.0,450000.0,30573.0,0.4241803794887229,0.3672910183026313,0
450000.0,450000.0,21888.0,0.4971263280935214,0.0638048444715178,0
697500.0,697500.0,20524.5,0.5956388597390827,0.5620604831738043,0
354276.0,292500.0,23193.0,0.6789308786991743,0.7062051096536562,0
523597.5,468000.0,40518.0,0.7393912428449558,0.8027454758994178,0
755190.0,675000.0,36459.0,0.5591326116962376,0.4866531565147181,0
576072.0,405000.0,28147.5,0.7512812903766798,0.5352762504724826,0
1575000.0,1575000.0,49585.5,0.5040308982575037,0.6212263380626669,0
573408.0,495000.0,31234.5,0.3284329652588291,0.5352762504724826,1
409500.0,409500.0,20907.0,0.6323070195261621,0.3201633668633456,0
545040.0,450000.0,26640.0,0.4742046578774679,0.3927738606031339,0
164182.5,148500.0,17370.0,0.3346068551196509,0.6178261467332483,0
1098000.0,1098000.0,28962.0,0.6912010832234691,0.6832688314232291,0
534451.5,436500.0,42354.0,0.6417970072242652,0.5352762504724826,0
454500.0,454500.0,27063.0,0.4500810426945106,0.2822484337007223,0
267336.0,211500.0,9729.0,0.6185378389477807,0.7476633896301825,0
715500.0,715500.0,21051.0,0.5037958361515577,0.2985949897873972,0
808650.0,675000.0,26086.5,0.6141115039710611,0.2925880073368475,0
270000.0,270000.0,13500.0,0.2620553359511834,0.7992967832109371,1
595903.5,481500.0,25375.5,0.6218396212252357,0.6430255641096323,0
254700.0,225000.0,25321.5,0.6404637027599442,0.6545292802242897,0
1078200.0,900000.0,31653.0,0.6479715853864009,0.3523399726917038,0
225000.0,225000.0,12694.5,0.34368819427393,0.6092756673894402,0
2013840.0,1800000.0,53253.0,0.5663427813009567,0.4400578303966329,0
539100.0,450000.0,27522.0,0.5587175072018253,0.2127563054543414,0
184081.5,166500.0,21843.0,0.4781918812115198,0.4543210601605785,0
171000.0,171000.0,15952.5,0.525521021816821,0.5352762504724826,0
790830.0,675000.0,57676.5,0.7036635392796489,0.5136937663039473,0
202500.0,202500.0,10125.0,0.5505612668844638,0.6925590674998008,0
239850.0,225000.0,22324.5,0.7563779694822421,0.6956219298394389,0
1515415.5,1354500.0,44437.5,0.2867916059332899,0.6832688314232291,0
599472.0,517500.0,24196.5,0.6710154519449951,0.5352762504724826,0
1288350.0,1125000.0,37669.5,0.4982142162683506,0.7583930617144343,0
497520.0,450000.0,33246.0,0.546862834919219,0.6674577419214722,0
497520.0,450000.0,33246.0,0.6267480825325951,0.7969726818373722,0
369000.0,369000.0,20016.0,0.4218586550156571,0.4596904504249018,0
1002456.0,810000.0,45427.5,0.6210834114720268,0.5352762504724826,0
746271.0,603000.0,34708.5,0.7887521472263996,0.5937175866150576,0
111384.0,90000.0,9058.5,0.7333720107561623,0.5954562029091491,0
1375380.0,1215000.0,49531.5,0.2568079876645549,0.3474182272002641,0
477000.0,477000.0,23076.0,0.1527084434135927,0.5352762504724826,0
207306.0,148500.0,8023.5,0.0203398857304691,0.7476633896301825,0
112068.0,99000.0,13428.0,0.5224175169298259,0.3062022983135042,0
1092510.0,976500.0,48865.5,0.5363743691490143,0.5352762504724826,0
760225.5,679500.0,33484.5,0.6884827198681077,0.4311917977993083,0
490495.5,454500.0,28287.0,0.5677761851174277,0.7295666907060153,0
841788.0,603000.0,24741.0,0.5906466949919322,0.2866524828090694,0
976135.5,904500.0,54504.0,0.7705398964720053,0.3962195720630885,0
625536.0,540000.0,25245.0,0.1596792335026377,0.4294236843421945,0
1350000.0,1350000.0,52443.0,0.4710760659591565,0.4561097392782771,0
715095.0,675000.0,47979.0,0.6375531299708473,0.6738300778602003,0
715500.0,715500.0,21901.5,0.480265713385766,0.7544061731797895,0
1350000.0,1350000.0,48622.5,0.7070085548699634,0.5352762504724826,0
271957.5,252000.0,30888.0,0.0598244699746736,0.1285043773724039,0
1532506.5,1399500.0,53397.0,0.4646790655076303,0.5549467685334323,0
135000.0,135000.0,5791.5,0.1556111092120708,0.2636468134452008,0
719946.0,643500.0,36940.5,0.6244278254458968,0.1819591097862785,0
781920.0,675000.0,25969.5,0.3561027915493316,0.4920600938649263,0
684706.5,612000.0,31855.5,0.4865456353377067,0.6832688314232291,1
627277.5,441000.0,30640.5,0.128106949729964,0.5352762504724826,1
521280.0,450000.0,20524.5,0.5729365152453604,0.6161216908872079,0
294322.5,243000.0,8923.5,0.6508641898498635,0.5352762504724826,0
453366.0,400500.0,35950.5,0.0490478180368987,0.1777040724853336,0
343377.0,283500.0,19840.5,0.642836971947398,0.3723336657058204,0
835380.0,675000.0,40320.0,0.6852279956042763,0.6738300778602003,0
1317357.0,1129500.0,55944.0,0.6696381937384738,0.3031463744186309,0
278613.0,252000.0,15993.0,0.189912543691054,0.8203829585116356,0
485640.0,450000.0,41674.5,0.4925838501289749,0.5046813193144684,0
1569051.0,1354500.0,54540.0,0.6129915583799371,0.6363761710860439,0
338832.0,292500.0,17428.5,0.1202097475373117,0.5352762504724826,0
180000.0,180000.0,9000.0,0.5659614260608526,0.5352762504724826,0
315000.0,67500.0,15750.0,0.770292355292124,0.6594055320683344,0
432567.0,328500.0,22779.0,0.4392007417299021,0.4206109640437848,0
760225.5,679500.0,32337.0,0.1955291648901035,0.6832688314232291,0
900000.0,900000.0,26446.5,0.1449344381582739,0.5352762504724826,0
269550.0,225000.0,10818.0,0.5592296372120715,0.3154721549257734,0
521280.0,450000.0,26743.5,0.4260187877802517,0.5262949398096192,0
234324.0,207000.0,18643.5,0.2894738060228946,0.4884551844437485,0
360000.0,360000.0,15858.0,0.7674204647002159,0.5954562029091491,0
824823.0,688500.0,26739.0,0.1873922005019756,0.6626377922738201,0
819792.0,720000.0,39568.5,0.7609024635631745,0.5919766183185521,0
447768.0,405000.0,25132.5,0.3983122111296049,0.2225807646753351,0
765000.0,765000.0,30339.0,0.4592601576240037,0.7016957740576931,0
450000.0,450000.0,23692.5,0.4287320206565735,0.5352762504724826,0
454500.0,454500.0,29173.5,0.3780559400628816,0.5352762504724826,0
239850.0,225000.0,23494.5,0.6502875435203689,0.6986675550534175,0
640080.0,450000.0,29970.0,0.5235194990574844,0.5352762504724826,0
161730.0,135000.0,11632.5,0.5792326441291685,0.6006575372857061,0
180000.0,180000.0,9000.0,0.5772434231802789,0.5352762504724826,0
284400.0,225000.0,10719.0,0.5659614260608526,0.646329897706246,1
364896.0,315000.0,22180.5,0.3993031328226592,0.8510087026616691,0
675000.0,675000.0,32472.0,0.6400909950428426,0.4418358231994413,0
315000.0,315000.0,21181.5,0.0370982484000019,0.3154721549257734,1
835380.0,675000.0,40320.0,0.6559945161488663,0.5352762504724826,0
288873.0,238500.0,22950.0,0.5889590135478001,0.1624419982223248,1
257391.0,238500.0,17271.0,0.8100729529000892,0.5531646987710016,0
819432.0,684000.0,24088.5,0.6537803760883791,0.4920600938649263,0
871029.0,765000.0,44473.5,0.6118288701165104,0.3031463744186309,0
1800000.0,1800000.0,62568.0,0.6715076536964311,0.5262949398096192,0
199152.0,135000.0,10930.5,0.5402602233430224,0.2250868621163805,0
203760.0,180000.0,22072.5,0.3251855759430623,0.6178261467332483,0
1546020.0,1350000.0,45333.0,0.7754932158269974,0.3962195720630885,0
840996.0,702000.0,24718.5,0.1193084135944872,0.4866531565147181,1
540000.0,540000.0,27000.0,0.1596792335026377,0.6674577419214722,0
271957.5,252000.0,19057.5,0.3891307310366752,0.6512602186973006,0
900000.0,900000.0,26316.0,0.4589994999363088,0.475849908720221,0
117000.0,117000.0,5085.0,0.5221719957568247,0.3944954053123993,0
1724688.0,1575000.0,60079.5,0.4001846450475213,0.2009260877159709,1
675000.0,675000.0,24930.0,0.5304257874323078,0.2764406945454034,0
783927.0,688500.0,40153.5,0.4597869712684863,0.5919766183185521,0
247500.0,247500.0,12375.0,0.5585611478345983,0.7407990879702335,0
351792.0,252000.0,18090.0,0.1134668676147053,0.5352762504724826,0
1288350.0,1125000.0,37800.0,0.2062229700539898,0.2327247762679433,1
808650.0,675000.0,26217.0,0.4670841773888096,0.4223696523543468,0
942300.0,675000.0,30528.0,0.1818392997498925,0.7091891096653581,0
808650.0,675000.0,23773.5,0.6370122699417077,0.5989262182569273,0
297130.5,256500.0,14422.5,0.4927696847034372,0.5352762504724826,0
270000.0,270000.0,13500.0,0.4916000553966214,0.4650692149562261,0
246357.0,234000.0,24129.0,0.7226870264361482,0.2314393514998941,0
604152.0,540000.0,27994.5,0.5307090035149336,0.5424451438613613,0
1963494.0,1755000.0,51925.5,0.7458651560377142,0.7544061731797895,0
916470.0,765000.0,29565.0,0.767162763074934,0.5602843280409464,0
1288350.0,1125000.0,41692.5,0.4094256840027113,0.6347055309763198,0
229500.0,229500.0,24844.5,0.6482458815959821,0.5352762504724826,0
157500.0,202500.0,7875.0,0.3379012172556121,0.7380196196295241,0
319500.0,319500.0,12172.5,0.5738619066937568,0.2580842039460289,0
894766.5,679500.0,29700.0,0.2777281390176555,0.4276573700350293,0
348826.5,288000.0,27688.5,0.3494971024601819,0.6313545365850379,0
269982.0,238500.0,26428.5,0.6545570779183394,0.5316861425197883,0
474048.0,360000.0,24331.5,0.6429424006629105,0.6706517530862718,0
805536.0,720000.0,34258.5,0.6557477359061711,0.1464420666789632,0
436032.0,360000.0,25159.5,0.6032782753204324,0.4525335592581747,0
532494.0,454500.0,42201.0,0.0817610700822242,0.2055981385493208,1
521280.0,450000.0,35392.5,0.4578268199968029,0.5352762504724826,1
873342.0,729000.0,23035.5,0.2355420623481762,0.6577838002083306,0
417024.0,360000.0,20191.5,0.6101136627397501,0.8016009030071296,0
882000.0,882000.0,25789.5,0.3523810987923939,0.5656079814115492,0
247500.0,247500.0,12375.0,0.6560093202879298,0.4083588531230431,0
454500.0,454500.0,33070.5,0.6858031401218504,0.2032521136204725,0
101880.0,90000.0,10939.5,0.5905991092213553,0.7194907850918436,0
900000.0,900000.0,24750.0,0.6966767273125816,0.6577838002083306,0
251280.0,180000.0,13284.0,0.3123982284369215,0.5352762504724826,0
678996.0,540000.0,36963.0,0.4773025425174351,0.3572932680336494,0
808650.0,675000.0,26086.5,0.7220818361876143,0.5352762504724826,0
755190.0,675000.0,34992.0,0.7524969611100627,0.6380435278721609,0
229365.0,198000.0,21163.5,0.4623571328679922,0.5937175866150576,0
225000.0,225000.0,15034.5,0.7531073651266402,0.6263042766749393,0
62361.0,58500.0,6615.0,0.0333968664934362,0.5352762504724826,0
341298.0,301500.0,40635.0,0.0635614441424577,0.6722428897082422,0
225000.0,225000.0,25515.0,0.7205609086929081,0.4048783643353997,0
900000.0,900000.0,29034.0,0.3990828564317485,0.5989262182569273,0
888840.0,675000.0,37494.0,0.3281773855591809,0.5352762504724826,1
225000.0,225000.0,11911.5,0.3337748212225281,0.1884895337951677,0
497520.0,450000.0,31792.5,0.2210449825826484,0.5989262182569273,0
1035832.5,904500.0,30415.5,0.3585684988353451,0.7209441499436497,0
1227901.5,1129500.0,48825.0,0.6791548760241851,0.7267112092725122,0
1078200.0,900000.0,38331.0,0.3746940449750675,0.2431864804420123,1
450000.0,450000.0,16965.0,0.5771580381271549,0.5797274227921155,0
125109.0,108000.0,13603.5,0.1357406228301711,0.5352762504724826,0
238716.0,171000.0,13077.0,0.3322254302680489,0.4722533429586386,0
508495.5,454500.0,21541.5,0.5887472434039228,0.5352762504724826,0
219042.0,193500.0,23373.0,0.2446942311280588,0.8128226070575616,0
450000.0,450000.0,35685.0,0.2386152510916297,0.3457848024695955,0
509400.0,450000.0,32683.5,0.4985695607912458,0.3474182272002641,0
532494.0,454500.0,38880.0,0.5710306412736139,0.1183643263674006,1
281493.0,243000.0,25816.5,0.0936622917285766,0.049942601896243,0
472500.0,472500.0,46161.0,0.6767055220632967,0.5937175866150576,0
550980.0,450000.0,36949.5,0.6055213202778659,0.5585066276769286,1
67500.0,67500.0,7290.0,0.3692994362742044,0.5082869913916046,0
1255680.0,1125000.0,41499.0,0.7307986085018899,0.2636468134452008,0
426645.0,324000.0,16821.0,0.3672136252062367,0.5352762504724826,0
331834.5,252000.0,17505.0,0.3305006075453485,0.5352762504724826,0
610335.0,463500.0,25785.0,0.5854447253369133,0.6212263380626669,0
640080.0,450000.0,31261.5,0.6756089988687108,0.5352762504724826,0
284400.0,225000.0,13387.5,0.3342077393547029,0.5352762504724826,1
1129500.0,1129500.0,58612.5,0.3999327181896809,0.4668640059537032,1
675000.0,675000.0,33750.0,0.7202746174349927,0.5082869913916046,0
1035832.5,904500.0,30415.5,0.6107013003820766,0.6263042766749393,0
215865.0,202500.0,21159.0,0.6797359308149996,0.5352762504724826,0
135000.0,135000.0,14670.0,0.7442951614869887,0.5849900404894085,0
341280.0,270000.0,21006.0,0.7664197849265011,0.7194907850918436,0
180000.0,180000.0,9000.0,0.6708464725838386,0.5814837058057234,0
594000.0,594000.0,26293.5,0.5977964149719142,0.5352762504724826,0
1006920.0,900000.0,51543.0,0.6879571937663106,0.7738956942145427,1
254700.0,225000.0,14620.5,0.0053713336289681,0.5352762504724826,1
270000.0,270000.0,13500.0,0.651544660729078,0.1862929496555374,0
288873.0,238500.0,16713.0,0.7239255611328983,0.5352762504724826,0
450000.0,450000.0,27324.0,0.5587714215266639,0.5226973172821112,0
566055.0,472500.0,15061.5,0.5243485629556716,0.5352762504724826,0
675000.0,675000.0,26284.5,0.4325119571828524,0.3376727217405312,0
180000.0,180000.0,9000.0,0.5857047564963921,0.4276573700350293,0
545040.0,450000.0,26640.0,0.6445221658869754,0.0811859431667211,0
1451047.5,1354500.0,55269.0,0.7290354408925744,0.5352762504724826,0
301095.0,279000.0,24268.5,0.5828418172331169,0.4014074137749511,0
254700.0,225000.0,26226.0,0.5565921934706924,0.7862666146611379,0
314100.0,225000.0,16164.0,0.6075201064512661,0.3539876078507373,0
684706.5,612000.0,26077.5,0.6824243380555692,0.3556387169923543,0
545040.0,450000.0,20677.5,0.2490240238388795,0.6956219298394389,0
891072.0,720000.0,35469.0,0.701932442672562,0.375711009574066,0
296280.0,225000.0,15124.5,0.5700286738057497,0.3825018041447388,0
180000.0,180000.0,9000.0,0.4514290943030356,0.3740208032583212,0
1506816.0,1350000.0,49927.5,0.5528111893494622,0.6109913280868294,0
242595.0,202500.0,18904.5,0.2387940757245041,0.5406544504453575,0
423000.0,423000.0,12496.5,0.7080131620542212,0.6754132910917112,1
813105.0,657000.0,39249.0,0.5201201225283985,0.5352762504724826,0
712858.5,576000.0,33160.5,0.5050476566791312,0.6380435278721609,0
388512.0,360000.0,30195.0,0.6618379202688798,0.4188542886233217,0
504000.0,504000.0,14571.0,0.5650909997991383,0.434733248750173,0
1350000.0,1350000.0,38821.5,0.7271652622492112,0.5298898341969072,0
270000.0,270000.0,13500.0,0.6838727512859896,0.5352762504724826,0
481855.5,463500.0,45882.0,0.6077442898030296,0.6817058776720116,0
725121.0,697500.0,70641.0,0.4850052197556987,0.7366226976503176,0
328405.5,283500.0,19845.0,0.6395013691923447,0.1268975261602733,1
90000.0,90000.0,9693.0,0.7230768992081007,0.7517237147741489,0
808650.0,675000.0,26217.0,0.4531463179450578,0.5832379256761245,0
1066752.0,931500.0,31320.0,0.6394912864535891,0.5620604831738043,0
371245.5,261000.0,14125.5,0.2620553359511834,0.5352762504724826,0
1078200.0,900000.0,38331.0,0.6378764687637017,0.5352762504724826,0
281938.5,252000.0,22734.0,0.7013922870332348,0.4632753280912678,0
252000.0,252000.0,12996.0,0.5536327421572411,0.4974688893052743,0
1078200.0,900000.0,31653.0,0.3926347059410577,0.4956658291397297,0
904500.0,904500.0,38452.5,0.6797787734685239,0.5352762504724826,0
135000.0,135000.0,6750.0,0.5532165971269888,0.4920600938649263,0
134775.0,112500.0,10579.5,0.6172006007354406,0.7610263695502636,0
1312110.0,1125000.0,55723.5,0.6522096333442063,0.6347055309763198,0
1350000.0,1350000.0,55116.0,0.6790881620379928,0.5352762504724826,0
441000.0,441000.0,20556.0,0.6381996827967074,0.3506958432829587,0
1096020.0,900000.0,56092.5,0.4816795879081578,0.5280927512030451,0
1345500.0,1345500.0,39469.5,0.6682289328150994,0.6817058776720116,0
808650.0,675000.0,23773.5,0.5480168006082016,0.4188542886233217,0
521280.0,450000.0,35392.5,0.6600345339564145,0.5673792367572691,0
269550.0,225000.0,21294.0,0.6655133380680246,0.2778856891082046,0
863226.0,697500.0,34362.0,0.1374427039989958,0.7738956942145427,0
133528.5,121500.0,8824.5,0.58032482545015,0.5352762504724826,0
254700.0,225000.0,24808.5,0.7348573901464698,0.470456116119975,0
1327855.5,1138500.0,52087.5,0.6983883850394261,0.4956658291397297,0
1270993.5,1156500.0,53851.5,0.4167099850115597,0.6075573001388961,0
521280.0,450000.0,31630.5,0.0066191591188586,0.3046721837533529,0
1166724.0,913500.0,34245.0,0.7380744213873779,0.7252764347002191,0
288000.0,288000.0,19611.0,0.5290094166739191,0.4241303111942548,0
526491.0,454500.0,19039.5,0.1396532906797609,0.7062051096536562,0
497520.0,450000.0,27778.5,0.7040692053361792,0.5172965813614878,0
314100.0,225000.0,21375.0,0.6860999179198239,0.6801388218428291,0
544491.0,454500.0,17563.5,0.5846165545667351,0.3328505641648731,0
327024.0,270000.0,16033.5,0.6549179391468022,0.4206109640437848,0
148365.0,135000.0,11893.5,0.0647112133518196,0.5352762504724826,1
629325.0,562500.0,30406.5,0.6520905772982926,0.4118485559242397,1
1968529.5,1759500.0,52056.0,0.6406953005819186,0.5352762504724826,0
503676.0,382500.0,19314.0,0.5903400013878589,0.7001838506835805,0
183384.0,162000.0,11938.5,0.4732669466367975,0.5352762504724826,1
645889.5,490500.0,19710.0,0.778814500462632,0.2822484337007223,0
631332.0,585000.0,33763.5,0.5884401183101058,0.5352762504724826,0
1351111.5,1210500.0,42552.0,0.4915290059824707,0.8106180215523969,0
675000.0,675000.0,18693.0,0.7562046572029202,0.3706496323299817,0
454500.0,454500.0,36040.5,0.5323371065953973,0.3672910183026313,0
450000.0,450000.0,16294.5,0.2961435654275993,0.6863823354047934,0
1886850.0,1575000.0,52015.5,0.5716840181170981,0.5172965813614878,0
284400.0,225000.0,13387.5,0.6944169483578625,0.4848514754962666,0
263686.5,238500.0,26208.0,0.6763609722413394,0.8633633824101478,0
781920.0,675000.0,23836.5,0.481930732091844,0.6817058776720116,0
1237500.0,1237500.0,52429.5,0.6668360845791214,0.6263042766749393,0
855000.0,855000.0,42750.0,0.3816463204495831,0.5136937663039473,0
1058148.0,855000.0,42093.0,0.7024034746087694,0.7001838506835805,0
755190.0,675000.0,36459.0,0.6926461184664364,0.5352762504724826,0
314100.0,225000.0,15241.5,0.6107324934083366,0.1245194708919845,0
582804.0,463500.0,29884.5,0.4314227240584339,0.7001838506835805,0
805536.0,720000.0,38754.0,0.1655175691147335,0.5352762504724826,1
1288350.0,1125000.0,37800.0,0.4332366861033561,0.6610235391308081,0
765000.0,765000.0,40887.0,0.4942564289149611,0.7165702448010511,0
585000.0,585000.0,29250.0,0.5064032681793024,0.5352762504724826,0
539100.0,450000.0,27522.0,0.4870810184078403,0.5567274263630174,0
382500.0,382500.0,19125.0,0.6794454729620667,0.7366226976503176,0
265306.5,252000.0,27990.0,0.686857658488712,0.5352762504724826,0
500211.0,463500.0,30730.5,0.5273527614179464,0.3944954053123993,0
526491.0,454500.0,28179.0,0.3445173457164708,0.5352762504724826,0
1223010.0,1125000.0,48631.5,0.4813301853389775,0.2822484337007223,0
900000.0,900000.0,29875.5,0.2381309003454038,0.5424451438613613,0
288873.0,238500.0,16258.5,0.4847157399418629,0.5352762504724826,0
621621.0,576000.0,45364.5,0.5437831628242633,0.4135967602644276,0
278712.0,220500.0,22149.0,0.5148292209423259,0.2970866116472028,1
1125864.0,855000.0,37336.5,0.5674702719815578,0.5495965024956946,0
450000.0,450000.0,19953.0,0.6577639203026737,0.5352762504724826,0
237024.0,180000.0,15147.0,0.3768175849902693,0.5867400085415683,0
225000.0,225000.0,17905.5,0.0669309655762837,0.056860739515615,1
135000.0,135000.0,6750.0,0.5047852710682377,0.5352762504724826,0
1057266.0,945000.0,47295.0,0.5967970376438193,0.6127042441012546,0
308133.0,234000.0,11547.0,0.5505179785625254,0.5352762504724826,0
152820.0,135000.0,16177.5,0.4419063229490802,0.6496203111237195,0
450000.0,450000.0,27324.0,0.5708538655440052,0.6430255641096323,0
639000.0,639000.0,23080.5,0.7682663545307084,0.5352762504724826,0
450000.0,450000.0,23107.5,0.4836616845819778,0.8347841592331774,0
314100.0,225000.0,16573.5,0.4777335540782721,0.0817255924524642,1
668304.0,540000.0,28444.5,0.5616591698916887,0.3962195720630885,0
490495.5,454500.0,30136.5,0.3944404924091716,0.6058362647264226,0
675000.0,675000.0,24246.0,0.6808773626671605,0.7597121819739279,0
215640.0,180000.0,15466.5,0.3330458178721503,0.7076993447402619,0
1724220.0,1350000.0,50544.0,0.3678083415480697,0.3539876078507373,0
675000.0,675000.0,21906.0,0.6243457685067266,0.2431864804420123,1
257391.0,238500.0,16771.5,0.4288659215555195,0.2512394458905693,0
178776.0,117000.0,6552.0,0.6955063388320168,0.5352762504724826,0
733315.5,679500.0,71437.5,0.7280927007199559,0.3233112448967859,0
675000.0,675000.0,24246.0,0.7314348365948964,0.4561097392782771,0
592560.0,450000.0,27589.5,0.5565436211826176,0.5352762504724826,0
180000.0,180000.0,9000.0,0.3167028236375504,0.6430255641096323,0
284400.0,225000.0,10215.0,0.7459894861999283,0.5352762504724826,0
935640.0,900000.0,98379.0,0.7338292856284281,0.5549467685334323,0
755190.0,675000.0,38686.5,0.263432019575907,0.6380435278721609,0
405000.0,405000.0,20250.0,0.6397886754991788,0.8083935912119442,0
135000.0,135000.0,6750.0,0.6795502442969041,0.0267324463411413,1
398160.0,315000.0,10503.0,0.7840061818845558,0.445396241560834,0
371245.5,261000.0,13995.0,0.2653117484731741,0.1575949986663102,0
848745.0,675000.0,46174.5,0.7162566545121697,0.2238313174701554,0
2085120.0,1800000.0,72607.5,0.6852044119679898,0.4668640059537032,0
675000.0,675000.0,21775.5,0.6368605646287256,0.1556893746835917,0
824823.0,688500.0,24246.0,0.6703151070082184,0.5656079814115492,0
315000.0,315000.0,23049.0,0.329436976345756,0.5352762504724826,0
143910.0,135000.0,14148.0,0.6453884480222756,0.2807895743848605,0
248760.0,225000.0,26788.5,0.7202217440511475,0.501075160239048,0
1078200.0,900000.0,31653.0,0.6854732087800408,0.4614823912998385,1
1327500.0,1327500.0,41683.5,0.6284244652483817,0.5352762504724826,0
622413.0,495000.0,31909.5,0.5427359504643329,0.4418358231994413,0
1125000.0,1125000.0,47664.0,0.6145933317791383,0.5352762504724826,0
1506816.0,1350000.0,49927.5,0.4444965643468609,0.5352762504724826,0
254700.0,225000.0,14350.5,0.5982011950482508,0.5352762504724826,0
473760.0,450000.0,50400.0,0.7038823654579546,0.622922000268356,0
1493086.5,1363500.0,52029.0,0.7228973369157529,0.6127042441012546,0
450000.0,450000.0,13027.5,0.1579818074294937,0.1841161559307151,0
312768.0,270000.0,26887.5,0.3677778334717549,0.5352762504724826,0
509400.0,450000.0,40374.0,0.5855137178420352,0.375711009574066,0
239476.5,193500.0,17158.5,0.7616337144866193,0.5832379256761245,0
284400.0,225000.0,13963.5,0.7697114465775228,0.511891801533151,0
179550.0,135000.0,4734.0,0.3102930449502342,0.5352762504724826,0
1506816.0,1350000.0,45814.5,0.2424661633231759,0.5352762504724826,0
540000.0,540000.0,27000.0,0.7234008054552499,0.5567274263630174,0
723996.0,585000.0,34960.5,0.5962444046788036,0.6178261467332483,0
1350000.0,1350000.0,67500.0,0.7068771730179291,0.5352762504724826,0
238500.0,238500.0,22878.0,0.2698243059419316,0.6144143775673561,0
1130112.0,1012500.0,37480.5,0.6976647143724286,0.6832688314232291,0
790434.0,706500.0,40486.5,0.601088558891991,0.5352762504724826,1
450000.0,450000.0,30204.0,0.008476334816963,0.5602843280409464,0
1686591.0,1507500.0,46507.5,0.6878867740301216,0.5154953751603267,0
270000.0,270000.0,13500.0,0.6460037805717528,0.5352762504724826,0
814041.0,679500.0,23931.0,0.3133337491421756,0.5937175866150576,0
143910.0,135000.0,14364.0,0.7085869586985589,0.8482442999507556,0
1726866.0,1543500.0,45684.0,0.6045284393481609,0.6594055320683344,0
364896.0,315000.0,19926.0,0.0699674226517813,0.4365064990977374,0
675000.0,675000.0,25146.0,0.6056414522273424,0.8128226070575616,0
381528.0,315000.0,13702.5,0.6680252844520036,0.4241303111942548,0
1243548.0,1111500.0,50778.0,0.4746026953618744,0.4776491548517548,0
900000.0,900000.0,29164.5,0.7260923538227417,0.2020866016820394,0
840996.0,702000.0,24718.5,0.6096506078344095,0.7076993447402619,0
1113840.0,900000.0,44302.5,0.7038960389856092,0.1595195404777181,0
373311.0,283500.0,20250.0,0.7235495487639542,0.5172965813614878,0
876816.0,720000.0,42313.5,0.4878622934961668,0.5919766183185521,0
545040.0,450000.0,26640.0,0.2850993983119409,0.5424451438613613,0
206059.5,166500.0,16650.0,0.4613136046936293,0.3572932680336494,0
760225.5,679500.0,32337.0,0.3065755426750862,0.7801436381572275,0
292500.0,292500.0,14224.5,0.2941056074092969,0.5352762504724826,0
855000.0,855000.0,49212.0,0.6602749280572732,0.7738956942145427,0
592560.0,450000.0,31153.5,0.1921564595466416,0.3825018041447388,1
552555.0,477000.0,26712.0,0.5254992111571691,0.8616527500630958,0
675000.0,675000.0,21906.0,0.5684415015457652,0.4596904504249018,0
319981.5,243000.0,21775.5,0.2563116442149164,0.2778856891082046,1
480060.0,337500.0,23476.5,0.7017265174323826,0.6848276586890367,0
180000.0,180000.0,9000.0,0.2483661995368896,0.7958031328748403,0
292500.0,292500.0,15444.0,0.5579302010250214,0.3490552510751822,0
640080.0,450000.0,20227.5,0.5182477399317654,0.5316861425197883,0
273024.0,216000.0,8847.0,0.6241508546667633,0.2314393514998941,0
1019610.0,913500.0,33826.5,0.4762824358157909,0.4170996682522097,0
675000.0,675000.0,34596.0,0.3859698022935592,0.5352762504724826,0
225000.0,225000.0,12915.0,0.4292891167612888,0.2301588968634147,0
1024740.0,900000.0,49428.0,0.6495661172537409,0.7421816117614419,0
562491.0,454500.0,27189.0,0.5121578623547076,0.5585066276769286,0
808650.0,675000.0,26217.0,0.5659614260608526,0.5352762504724826,0
900000.0,900000.0,26446.5,0.6189556810884801,0.5352762504724826,0
225000.0,225000.0,12204.0,0.6415606935866928,0.6817058776720116,0
225000.0,225000.0,9661.5,0.6805066343290109,0.4812493411434029,0
1525482.0,1363500.0,40239.0,0.4983235528691557,0.4048783643353997,0
1042560.0,900000.0,34587.0,0.5651286191475283,0.3328505641648731,0
497520.0,450000.0,53712.0,0.7308373252225318,0.4578995512067301,1
288873.0,238500.0,18936.0,0.6335821994722224,0.5316861425197883,0
675000.0,675000.0,32602.5,0.0662391878884891,0.6528965519806539,1
247275.0,225000.0,17338.5,0.2939875845022613,0.6380435278721609,0
454500.0,454500.0,21060.0,0.492332430152697,0.5832379256761245,0
983160.0,900000.0,54895.5,0.1281582512390169,0.7700870700124128,0
1456587.0,1305000.0,48136.5,0.7599064536150479,0.5352762504724826,0
765522.0,639000.0,21181.5,0.5691494702538067,0.5352762504724826,0
485640.0,450000.0,41679.0,0.527505373832961,0.3108182544189319,1
521280.0,450000.0,35392.5,0.287328647248498,0.5352762504724826,0
639000.0,639000.0,27202.5,0.5671106240998348,0.6894791426446275,0
521280.0,450000.0,27292.5,0.2512100865337719,0.5154953751603267,0
1097676.0,958500.0,32224.5,0.5110432164426221,0.6738300778602003,0
1236816.0,1080000.0,39897.0,0.6237865658070427,0.5352762504724826,0
117162.0,103500.0,12433.5,0.4633085529324567,0.5424451438613613,0
202500.0,202500.0,10125.0,0.3196202693307489,0.5298898341969072,0
743031.0,688500.0,43573.5,0.6422292325361517,0.5352762504724826,0
134775.0,112500.0,5332.5,0.3141200084319729,0.1419915427739129,1
545040.0,450000.0,20547.0,0.6984897124783043,0.0963186927645401,0
450000.0,450000.0,17095.5,0.2984643295715681,0.4938628816996244,0
157500.0,157500.0,7875.0,0.6886234034768254,0.3876253444214701,0
593010.0,495000.0,19260.0,0.7525987654073149,0.6279908192952864,0
180000.0,180000.0,19228.5,0.3592527955999611,0.5352762504724826,0
191880.0,180000.0,18405.0,0.612306557700795,0.445396241560834,0
278460.0,225000.0,21676.5,0.6472329947111113,0.5954562029091491,0
1350000.0,1350000.0,36369.0,0.7789425506830049,0.4170996682522097,0
675000.0,675000.0,25015.5,0.2026592779006333,0.7597121819739279,0
501435.0,414000.0,19030.5,0.3473177485773066,0.5478104658520093,0
508495.5,454500.0,36292.5,0.4688590705741456,0.8027454758994178,0
143910.0,135000.0,14364.0,0.7419366356522655,0.5334816299804352,0
495490.5,342000.0,18810.0,0.4738393646394289,0.5352762504724826,0
450000.0,450000.0,22500.0,0.4196202615447459,0.5919766183185521,0
808650.0,675000.0,26217.0,0.1621921059592286,0.5136937663039473,0
993082.5,913500.0,42205.5,0.1751321404358302,0.6832688314232291,0
1312110.0,1125000.0,52168.5,0.7560393281709274,0.5352762504724826,0
1166724.0,913500.0,34245.0,0.7121681793132454,0.622922000268356,0
247500.0,247500.0,12375.0,0.2577732719369313,0.3842068130556564,0
286704.0,247500.0,23116.5,0.5749257345273101,0.7062051096536562,0
578979.0,517500.0,22783.5,0.7601816356754074,0.5352762504724826,0
427450.5,369000.0,23319.0,0.6196568469928871,0.7922644738669378,0
536917.5,463500.0,27931.5,0.7920343868545536,0.6347055309763198,0
534204.0,495000.0,34267.5,0.4976894031462062,0.434733248750173,0
450000.0,450000.0,19066.5,0.7989566896381436,0.6263042766749393,0
225000.0,225000.0,24363.0,0.4817887799015799,0.5352762504724826,0
1258650.0,1125000.0,53325.0,0.3551056123348883,0.5442347412142162,0
328500.0,328500.0,12384.0,0.3340715102351488,0.3108182544189319,0
1325475.0,1125000.0,56290.5,0.7100928246609062,0.5902333386185574,0
486459.0,342000.0,23791.5,0.6413544914794577,0.0496014853298949,1
450000.0,450000.0,35554.5,0.7650114529758207,0.3523399726917038,0
161730.0,135000.0,11632.5,0.1596792335026377,0.6610235391308081,0
270000.0,270000.0,26433.0,0.5474913489787478,0.3360615207658242,0
168102.0,148500.0,16753.5,0.6858691038829133,0.7180328113294772,0
231813.0,193500.0,15808.5,0.4709453015157928,0.2567055724393002,0
526491.0,454500.0,23319.0,0.6770498802195034,0.5884877883422673,0
490495.5,454500.0,27517.5,0.6366633069959248,0.7503751495159068,0
260640.0,225000.0,31059.0,0.7725672743303069,0.3539876078507373,0
668484.0,558000.0,21694.5,0.7477300173372118,0.6848276586890367,0
253737.0,229500.0,16344.0,0.6691300470253838,0.4418358231994413,0
679266.0,567000.0,25083.0,0.5151787871847137,0.2851799046358216,0
1006920.0,900000.0,51543.0,0.5599356306312757,0.5989262182569273,0
509400.0,450000.0,37197.0,0.6077182243034684,0.237916079507114,1
269550.0,225000.0,14620.5,0.4423108435424179,0.2458512138252296,0
545040.0,450000.0,25537.5,0.5181658452304267,0.5352762504724826,0
156384.0,135000.0,14472.0,0.6452032537165029,0.5460231970049609,0
180000.0,180000.0,9000.0,0.4152331130816776,0.7544061731797895,1
521280.0,450000.0,23089.5,0.2905859990167692,0.5849900404894085,0
253737.0,229500.0,25227.0,0.0728881216831549,0.5867400085415683,0
675000.0,675000.0,33750.0,0.5076986640501407,0.5352762504724826,0
247500.0,247500.0,12168.0,0.1923160541736026,0.5352762504724826,0
852088.5,688500.0,33921.0,0.3785136613539313,0.5352762504724826,0
584766.0,472500.0,24903.0,0.4373541735586493,0.6041125998015721,0
178290.0,157500.0,10363.5,0.3537996602844203,0.4471785780453068,0
152820.0,135000.0,10341.0,0.3329486776629225,0.5352762504724826,0
337500.0,337500.0,16875.0,0.5813257447131381,0.6195277080511546,0
3600000.0,3600000.0,91008.0,0.6944772695191592,0.5937175866150576,0
552555.0,477000.0,18391.5,0.2653117484731741,0.8633633824101478,0
403848.0,319500.0,11232.0,0.6001706041230461,0.5190973382084597,0
598486.5,454500.0,19908.0,0.1096120405992269,0.5352762504724826,0
252000.0,252000.0,8104.5,0.5334148717361978,0.5352762504724826,0
1018899.0,850500.0,29920.5,0.1517883359037962,0.520897599048938,1
524403.0,495000.0,35185.5,0.7654043363251637,0.5954562029091491,0
755190.0,675000.0,38686.5,0.6162184845555915,0.0513294138546325,0
450000.0,450000.0,22860.0,0.667564419428657,0.5352762504724826,0
177768.0,135000.0,9778.5,0.5065836453044206,0.5352762504724826,0
419679.0,346500.0,20542.5,0.6644415618098424,0.3859146722745145,1
964368.0,832500.0,31999.5,0.7665919895715362,0.3425288720742255,0
238500.0,238500.0,23719.5,0.3993031328226592,0.5352762504724826,0
2517300.0,2250000.0,66532.5,0.4715773662807883,0.3723336657058204,0
425889.0,355500.0,21874.5,0.5860655369148565,0.4902575124990026,0
170640.0,135000.0,8964.0,0.6004539341177011,0.4206109640437848,0
450000.0,450000.0,22018.5,0.7168340471956267,0.6738300778602003,0
52128.0,45000.0,5602.5,0.5155665698434853,0.5352762504724826,0
720000.0,720000.0,28552.5,0.5536759737045227,0.6041125998015721,0
382500.0,382500.0,19125.0,0.185835474554579,0.5352762504724826,0
1046142.0,913500.0,30586.5,0.4841859639635532,0.4938628816996244,0
450000.0,450000.0,27324.0,0.3312122746240492,0.4294236843421945,0
900000.0,900000.0,38133.0,0.3788892573175301,0.3606125659189888,1
634041.0,481500.0,20038.5,0.7029973680403029,0.3689687382528466,0
331920.0,225000.0,16096.5,0.3529601984430809,0.3996756156233169,0
900000.0,900000.0,26446.5,0.4806259766270168,0.5352762504724826,0
127350.0,112500.0,13500.0,0.5507831075013441,0.0861616623809292,0
755190.0,675000.0,36459.0,0.6396021898119644,0.5352762504724826,0
225000.0,225000.0,15165.0,0.7508847248892219,0.1997705696341145,0
585000.0,585000.0,29250.0,0.7677559593596969,0.5585066276769286,0
1125000.0,1125000.0,78430.5,0.5196616300856586,0.4188542886233217,0
221832.0,175500.0,10917.0,0.7158120228558417,0.7209441499436497,0
508495.5,454500.0,21672.0,0.5723210876165798,0.5352762504724826,0
900000.0,900000.0,40801.5,0.262927402884145,0.5726825047161584,0
1350000.0,1350000.0,37125.0,0.7289144700154742,0.1852020815902493,0
697500.0,697500.0,24840.0,0.7194897022393026,0.3996756156233169,0
263686.5,238500.0,27148.5,0.389770287595371,0.5352762504724826,0
148500.0,148500.0,9945.0,0.5901707610208584,0.5460231970049609,0
748512.0,720000.0,71199.0,0.5231431046286108,0.5902333386185574,0
269550.0,225000.0,14751.0,0.1371163814689735,0.4614823912998385,0
640080.0,450000.0,29970.0,0.7572513169937994,0.5352762504724826,0
247500.0,247500.0,12375.0,0.4541110551619218,0.5797274227921155,0
178290.0,157500.0,11736.0,0.6778812861916539,0.3672910183026313,0
405000.0,405000.0,20250.0,0.7803026159238287,0.5989262182569273,0
1354500.0,1354500.0,39604.5,0.5401461607705639,0.3996756156233169,0
639396.0,571500.0,30888.0,0.3198771152533852,0.746300213050371,0
728460.0,675000.0,57555.0,0.4279234817231849,0.3425288720742255,0
675000.0,675000.0,32602.5,0.5965128569976581,0.5762088360175724,0
473760.0,450000.0,56223.0,0.7167940967644127,0.6023863442690867,0
495000.0,495000.0,26500.5,0.5843669476273041,0.746300213050371,0
1483231.5,1354500.0,51687.0,0.7042286487109839,0.5028782772082183,0
539100.0,450000.0,27652.5,0.5413408910046952,0.3910549766342248,0
450000.0,450000.0,17095.5,0.6667875005347976,0.7886807751817684,0
679500.0,679500.0,34825.5,0.5667777525928264,0.2418614865234661,0
126000.0,126000.0,8181.0,0.0543356151832546,0.5352762504724826,1
900000.0,900000.0,38133.0,0.4872613071952553,0.6075573001388961,0
284400.0,225000.0,22599.0,0.5973178666584376,0.5352762504724826,0
239850.0,225000.0,25447.5,0.7084921247576248,0.5919766183185521,0
854896.5,702000.0,43780.5,0.5074253818012543,0.375711009574066,0
1504791.0,1314000.0,44127.0,0.6878445180216802,0.5352762504724826,0
1762110.0,1575000.0,46480.5,0.7557003681751799,0.5352762504724826,0
850500.0,850500.0,38430.0,0.6505858638622015,0.4101025731788671,0
319981.5,243000.0,16884.0,0.5538705056109263,0.5352762504724826,0
634482.0,454500.0,18549.0,0.6218293366231004,0.5352762504724826,0
454500.0,454500.0,14791.5,0.4707600587183968,0.7338145369642702,0
532345.5,481500.0,42187.5,0.4748753424307445,0.4866531565147181,1
74628.0,67500.0,7965.0,0.2308226908728888,0.524496446363472,0
781920.0,675000.0,24682.5,0.5605336492010269,0.5585066276769286,0
337923.0,279000.0,20803.5,0.641475201499612,0.5352762504724826,0
263686.5,238500.0,13914.0,0.7407079697303319,0.5352762504724826,0
285723.0,238500.0,20448.0,0.2298728629721068,0.6109913280868294,0
1125000.0,1125000.0,32895.0,0.7136362052299557,0.6041125998015721,0
983299.5,904500.0,39127.5,0.7603450473620543,0.6848276586890367,0
677664.0,585000.0,28485.0,0.4596783425047794,0.1437580534911652,1
229500.0,229500.0,18261.0,0.7075699363603529,0.5691487713619409,0
1078200.0,900000.0,31522.5,0.5958495171980706,0.5352762504724826,0
450000.0,450000.0,22500.0,0.6996673711853992,0.0828147042440649,0
497520.0,450000.0,25402.5,0.6527203660925831,0.5352762504724826,0
634500.0,634500.0,30523.5,0.6114600728941447,0.475849908720221,0
900000.0,900000.0,38263.5,0.3292679228915589,0.2822484337007223,1
1288350.0,1125000.0,37800.0,0.3677015679123885,0.5513812618027899,0
497520.0,450000.0,53712.0,0.5369126848566554,0.5352762504724826,0
182016.0,144000.0,10579.5,0.6072541558042405,0.7449321846094795,0
675000.0,675000.0,19737.0,0.5908264481292098,0.2301588968634147,0
225000.0,225000.0,17905.5,0.0904764325598435,0.5352762504724826,0
157500.0,157500.0,7875.0,0.3207864649313006,0.4866531565147181,0
540000.0,540000.0,27000.0,0.5324459856321266,0.5638350489514956,0
540000.0,540000.0,34641.0,0.6375430236259473,0.7421816117614419,0
450000.0,450000.0,22500.0,0.6193321040627854,0.4614823912998385,0
675000.0,675000.0,26154.0,0.3999537100750599,0.3706496323299817,0
675000.0,675000.0,24376.5,0.4644506091347046,0.5352762504724826,0
808650.0,675000.0,26217.0,0.1548483364575313,0.5316861425197883,0
1800000.0,1800000.0,49500.0,0.1862295174292992,0.5762088360175724,0
468000.0,468000.0,13810.5,0.1953537989258013,0.5424451438613613,0
900000.0,900000.0,29745.0,0.7506678663547283,0.5352762504724826,0
311877.0,252000.0,15133.5,0.611075556826035,0.4223696523543468,0
675000.0,675000.0,26284.5,0.5447377965929987,0.3328505641648731,0
900000.0,900000.0,50256.0,0.6613924092403747,0.6658549219640212,0
180000.0,180000.0,9000.0,0.730170046094443,0.5352762504724826,0
900000.0,900000.0,26446.5,0.6801975195964545,0.5673792367572691,0
1528200.0,1350000.0,53248.5,0.7964689761452131,0.7826078370261895,0
135000.0,135000.0,6750.0,0.4093199381860576,0.5352762504724826,0
884124.0,738000.0,31455.0,0.7287156585211558,0.7121551551910698,0
885501.0,715500.0,35248.5,0.6577442295373751,0.7544061731797895,0
1451047.5,1354500.0,60012.0,0.7017219403869823,0.7194907850918436,0
663093.0,553500.0,19386.0,0.7347465965410063,0.3996756156233169,0
1125000.0,1125000.0,30168.0,0.5600272303883109,0.5352762504724826,0
1546020.0,1350000.0,45333.0,0.5527192871369108,0.5352762504724826,0
668304.0,540000.0,32278.5,0.6819170303200243,0.7062051096536562,0
1528200.0,1350000.0,53248.5,0.6769016384154235,0.813917469762627,0
1190340.0,1125000.0,60597.0,0.2232251765999429,0.7992967832109371,0
835380.0,675000.0,40320.0,0.2840976343213152,0.6178261467332483,1
286704.0,247500.0,12276.0,0.6550958324327675,0.6910212267577837,0
225000.0,225000.0,11488.5,0.5395920829523297,0.5352762504724826,0
225000.0,225000.0,11250.0,0.3890631578748785,0.4596904504249018,0
314100.0,225000.0,17167.5,0.3976468209272409,0.2164029605152194,0
2356920.0,2250000.0,119862.0,0.3332595762617791,0.4632753280912678,0
295668.0,193500.0,13914.0,0.48788414821526,0.5620604831738043,1
940500.0,940500.0,27630.0,0.5938574040023079,0.5352762504724826,0
1288350.0,1125000.0,37800.0,0.1080173835469346,0.5352762504724826,0
225000.0,225000.0,20767.5,0.2995230867640557,0.3622772470384314,0
454500.0,454500.0,31761.0,0.6262261448879893,0.6956219298394389,0
1078200.0,900000.0,31653.0,0.6224719132943718,0.6178261467332483,0
180000.0,180000.0,9000.0,0.2152714459597466,0.6144143775673561,0
900000.0,900000.0,89928.0,0.6359295103477374,0.6263042766749393,0
341280.0,270000.0,9513.0,0.2476036046102311,0.2650494299443805,1
552555.0,477000.0,17644.5,0.6817367609450303,0.6925590674998008,0
152820.0,135000.0,16047.0,0.6155149130105148,0.470456116119975,0
382500.0,382500.0,24574.5,0.6332064435662855,0.7338145369642702,0
269550.0,225000.0,17820.0,0.7202658056287806,0.7281412993111438,0
900000.0,900000.0,31887.0,0.6779624552618313,0.3589512285783967,0
752742.0,697500.0,40234.5,0.7448441362782378,0.4118485559242397,0
225000.0,225000.0,15219.0,0.5271565379483074,0.6347055309763198,0
714915.0,639000.0,36630.0,0.6592588244927322,0.6848276586890367,0
50940.0,45000.0,5535.0,0.6966536217179072,0.6863823354047934,0
239850.0,225000.0,25830.0,0.1942151121136184,0.1974745115685422,0
308133.0,234000.0,13054.5,0.6505560371285957,0.7309873696832169,0
450000.0,450000.0,21649.5,0.5740116325839113,0.5370699579791587,0
545040.0,450000.0,26509.5,0.5733591565889116,0.5352762504724826,0
500211.0,463500.0,26779.5,0.5990733818555057,0.5352762504724826,0
270000.0,270000.0,13500.0,0.4602486860194189,0.5352762504724826,0
348264.0,315000.0,34056.0,0.5369996773322617,0.5989262182569273,0
924489.0,747000.0,36792.0,0.5017512829627548,0.5849900404894085,0
163008.0,144000.0,16249.5,0.6080153345682971,0.6479768603302221,0
319500.0,319500.0,13536.0,0.4623843125275707,0.5352762504724826,0
514777.5,477000.0,31621.5,0.672264522443698,0.4170996682522097,0
270000.0,270000.0,13500.0,0.6962468006796975,0.5814837058057234,0
1676520.0,1498500.0,44356.5,0.6795788151565523,0.6397075677637197,0
1061599.5,927000.0,28134.0,0.1934633397842611,0.2940831009471255,0
545040.0,450000.0,25537.5,0.4746953936744858,0.2608559142068693,0
1113399.0,945000.0,47304.0,0.3915766032598328,0.5352762504724826,0
900000.0,900000.0,26446.5,0.6575719121677934,0.7662336700704004,0
450000.0,450000.0,22018.5,0.6613091501540145,0.6347055309763198,0
550980.0,450000.0,36819.0,0.6409318654404113,0.3046721837533529,0
675000.0,675000.0,33750.0,0.1124065571587965,0.6397075677637197,0
290088.0,229500.0,23049.0,0.1665834831388079,0.0608545969659239,0
719860.5,679500.0,50098.5,0.683801833453737,0.6971469077844458,0
450000.0,450000.0,32611.5,0.1754229593350375,0.5620604831738043,0
900000.0,900000.0,29164.5,0.6091248791468442,0.5154953751603267,0
272520.0,272520.0,8703.0,0.7138997946765254,0.5352762504724826,0
1035832.5,904500.0,30415.5,0.7219369964762908,0.3672910183026313,0
675000.0,675000.0,53460.0,0.4860758347704552,0.1237353221130787,0
545040.0,450000.0,25537.5,0.6469683280042641,0.5352762504724826,1
337500.0,337500.0,16875.0,0.4823893666778751,0.7180328113294772,0
582804.0,463500.0,24822.0,0.40149761488221,0.6925590674998008,0
1928304.0,1800000.0,79578.0,0.4427586022155288,0.6785676886853644,0
900000.0,900000.0,38263.5,0.6375127038617406,0.5797274227921155,0
679500.0,679500.0,66325.5,0.6618134490831953,0.5352762504724826,0
1024740.0,900000.0,52452.0,0.553859698715099,0.1766525794312139,0
1029681.0,859500.0,30105.0,0.6677099904582185,0.5352762504724826,0
993082.5,913500.0,38988.0,0.1181666095218777,0.5352762504724826,0
1546020.0,1350000.0,45333.0,0.6904491161510339,0.7738956942145427,0
121500.0,121500.0,13707.0,0.1843906753009518,0.7001838506835805,0
270000.0,270000.0,13500.0,0.6203781143199301,0.5316861425197883,0
153504.0,144000.0,15084.0,0.6514801169864992,0.0005272652387098,0
509400.0,450000.0,40243.5,0.3306748217863281,0.3077366963789207,0
1006920.0,900000.0,42790.5,0.6277195318825608,0.7958031328748403,0
207396.0,157500.0,16384.5,0.1572878215614541,0.7738956942145427,1
135000.0,135000.0,6750.0,0.1089861542053247,0.633031641417419,0
360000.0,360000.0,18418.5,0.2295362375638788,0.6075573001388961,0
1442596.5,1129500.0,42309.0,0.6122338800130714,0.4920600938649263,0
148365.0,135000.0,11223.0,0.727308407285461,0.5352762504724826,0
405000.0,405000.0,20250.0,0.5192303986251826,0.4118485559242397,0
1319269.5,1152000.0,37809.0,0.5091251189733653,0.4884551844437485,0
810000.0,810000.0,23814.0,0.2259480015096723,0.5334816299804352,0
180000.0,180000.0,9000.0,0.3207102366924854,0.41534714488434,0
254700.0,225000.0,27153.0,0.1885838826689068,0.5352762504724826,0
1354500.0,1354500.0,50328.0,0.7109114453043252,0.5298898341969072,0
252000.0,252000.0,9630.0,0.6891108370159869,0.7309873696832169,0
472500.0,472500.0,46863.0,0.5554747589393301,0.4471785780453068,0
161730.0,135000.0,7254.0,0.2935248386073387,0.7032033049040319,0
900000.0,900000.0,23742.0,0.5539353459161638,0.5352762504724826,0
755190.0,675000.0,36459.0,0.4909551581213542,0.5709165417729987,0
814041.0,679500.0,28840.5,0.0793591655035228,0.2067786544915716,0
544491.0,454500.0,16047.0,0.6015498911133448,0.8106180215523969,0
450000.0,450000.0,22018.5,0.2319427311585574,0.4489622731076524,0
355536.0,270000.0,18283.5,0.1169574714638063,0.6127042441012546,0
490495.5,454500.0,30136.5,0.5677064199962363,0.3001077565791181,0
1006920.0,900000.0,39933.0,0.4425643821660989,0.5352762504724826,0
450000.0,450000.0,17271.0,0.6869423129536509,0.3280631605201915,0
790830.0,675000.0,62613.0,0.6760832790133475,0.6075573001388961,0
506925.0,481500.0,54724.5,0.4769315722683555,0.7136313997323308,0
448056.0,315000.0,13711.5,0.6050929200777626,0.475849908720221,0
612612.0,495000.0,31279.5,0.6252377534514281,0.2580842039460289,0
573408.0,495000.0,24102.0,0.6721440617610275,0.7557400501752248,0
259794.0,229500.0,26748.0,0.6023620260570808,0.5352762504724826,0
127350.0,112500.0,7438.5,0.4014135422514735,0.3474182272002641,1
837000.0,837000.0,27202.5,0.4942017672417048,0.7076993447402619,0
469147.5,351000.0,22698.0,0.4736649060839634,0.7838324335199619,0
399559.5,342000.0,31050.0,0.5422909059653945,0.4276573700350293,0
996849.0,891000.0,39532.5,0.6312539818898825,0.3774042489507649,1
508495.5,454500.0,22396.5,0.0423973306039971,0.7764098512142026,0
117000.0,117000.0,10858.5,0.7445988569816312,0.0238884360918939,0
409500.0,409500.0,32481.0,0.7011265808508972,0.5352762504724826,0
1436850.0,1125000.0,42142.5,0.7019964916174788,0.6397075677637197,0
552555.0,477000.0,40338.0,0.050925114738936,0.2250868621163805,1
373140.0,337500.0,29610.0,0.6254068273131095,0.0720131886405828,0
545040.0,450000.0,17536.5,0.2358611509032525,0.5370699579791587,0
450000.0,450000.0,22500.0,0.3399933819726017,0.5352762504724826,1
148707.0,139500.0,15745.5,0.5679425372450402,0.4489622731076524,0
278505.0,211500.0,20394.0,0.3268192226938407,0.2539628093363117,1
1435500.0,1435500.0,39474.0,0.5557123286063914,0.3859146722745145,1
1125000.0,1125000.0,33025.5,0.5773661561074431,0.501075160239048,0
273636.0,247500.0,15835.5,0.2131622887754414,0.1117563710719636,1
269550.0,225000.0,20281.5,0.0746979954346933,0.4311917977993083,0
949500.0,949500.0,40230.0,0.560167316225027,0.2458512138252296,0
1971072.0,1800000.0,68512.5,0.7455417099009963,0.7503751495159068,0
432000.0,432000.0,16416.0,0.2579657755442269,0.266456808245056,0
755190.0,675000.0,56592.0,0.6788069298803638,0.5352762504724826,0
113760.0,90000.0,7731.0,0.6706436390129106,0.7076993447402619,0
247500.0,247500.0,12375.0,0.5712716698744261,0.3689687382528466,0
270000.0,270000.0,13500.0,0.6956267329263471,0.2608559142068693,0
829809.0,670500.0,40050.0,0.0799378442923902,0.0604436913265675,0
1350000.0,1350000.0,39474.0,0.7214187052841471,0.5549467685334323,0
545040.0,450000.0,26640.0,0.6596467861933499,0.7281412993111438,0
1024290.0,855000.0,29947.5,0.5287206368674365,0.5352762504724826,0
675000.0,675000.0,32602.5,0.4175287539565733,0.2764406945454034,0
497520.0,450000.0,56133.0,0.6750624112540059,0.6058362647264226,0
301500.0,301500.0,13122.0,0.1685815390803399,0.5352762504724826,0
500211.0,463500.0,26779.5,0.731525035075773,0.4650692149562261,0
814041.0,679500.0,28971.0,0.5982379866079445,0.5352762504724826,0
76500.0,76500.0,7146.0,0.1651343366669437,0.1595195404777181,1
720000.0,720000.0,28552.5,0.0448162538740555,0.5352762504724826,0
199467.0,166500.0,8253.0,0.4955902131335738,0.6577838002083306,0
135000.0,135000.0,8284.5,0.6671566503304791,0.7636399214572418,0
1113840.0,900000.0,47322.0,0.6472280018351559,0.5352762504724826,0
1256400.0,900000.0,36864.0,0.1596792335026377,0.6925590674998008,0
643500.0,643500.0,46827.0,0.4804021743405166,0.4400578303966329,0
1256400.0,900000.0,44644.5,0.5019262212540726,0.520897599048938,0
227520.0,180000.0,18103.5,0.5513403251085309,0.3201633668633456,0
1113840.0,900000.0,57001.5,0.634840303097247,0.5388627065779676,0
288792.0,189000.0,14175.0,0.4981540812100372,0.5352762504724826,0
526491.0,454500.0,22261.5,0.5675990837973071,0.5352762504724826,0
444420.0,337500.0,23400.0,0.6320273495378292,0.4083588531230431,1
203760.0,180000.0,21006.0,0.447138477170484,0.5989262182569273,0
1078200.0,900000.0,31653.0,0.4286784632173352,0.7165702448010511,0
376920.0,270000.0,19372.5,0.1868068402869433,0.5352762504724826,0
275040.0,180000.0,12951.0,0.6725390879516568,0.6528965519806539,0
1773000.0,1773000.0,46899.0,0.5634081175576716,0.5919766183185521,0
270000.0,270000.0,17383.5,0.6040892059811225,0.5352762504724826,0
715095.0,675000.0,53595.0,0.605072018371226,0.633031641417419,0
1515415.5,1354500.0,41800.5,0.2116003665340684,0.6195277080511546,0
862560.0,720000.0,25218.0,0.4015764382368142,0.7180328113294772,0
521280.0,450000.0,27423.0,0.4284481852798148,0.7801436381572275,0
202500.0,202500.0,9976.5,0.0197738777161633,0.3425288720742255,0
2013840.0,1800000.0,55507.5,0.1471077142854895,0.5460231970049609,0
594121.5,472500.0,25299.0,0.7182567138731679,0.7610263695502636,0
220500.0,220500.0,26298.0,0.5231922010540336,0.3656165070113335,0
277969.5,229500.0,15651.0,0.5013740708692466,0.6041125998015721,0
1755000.0,1755000.0,61132.5,0.2734498796990668,0.7713615919194317,0
1291500.0,1291500.0,37759.5,0.5957441928790991,0.5352762504724826,0
838453.5,688500.0,35653.5,0.4660827619923433,0.7544061731797895,0
168102.0,148500.0,16753.5,0.7760067728027321,0.6658549219640212,0
536917.5,463500.0,27931.5,0.7638261249604399,0.5352762504724826,0
360000.0,360000.0,18000.0,0.7109788528300559,0.5460231970049609,0
